{
	"version": 3,
	"sparqlConn": {
		"name": "apache ingesiton package: RACK vSanitized_1.0 20221109",
		"domain": "",
		"enableOwlImports": false,
		"model": [
			{
				"type": "fuseki",
				"url": "http://localhost:3030/RACK",
				"graph": "http://rack001/model"
			}
		],
		"data": [
			{
				"type": "fuseki",
				"url": "http://localhost:3030/RACK",
				"graph": "http://rack001/data"
			},
			{
				"type": "fuseki",
				"url": "http://localhost:3030/RACK",
				"graph": "http://rack001/nist-800-53"
			},
			{
				"type": "fuseki",
				"url": "http://localhost:3030/RACK",
				"graph": "http://rack001/mitre-cwe"
			}
		]
	},
	"sNodeGroup": {
		"version": 19,
		"limit": 0,
		"offset": 0,
		"sNodeList": [
			{
				"propList": [
					{
						"valueTypes": [
							"string"
						],
						"rangeURI": "http://www.w3.org/2001/XMLSchema#string",
						"UriRelationship": "http://arcos.rack/PROV-S#identifier",
						"Constraints": "",
						"SparqlID": "?identifier",
						"isReturned": false,
						"optMinus": 0,
						"isRuntimeConstrained": false,
						"instanceValues": [],
						"isMarkedForDeletion": false,
						"binding": "?identifier_requirement",
						"isBindingReturned": true
					}
				],
				"nodeList": [],
				"fullURIName": "http://arcos.rack/REQUIREMENTS#REQUIREMENT",
				"SparqlID": "?REQUIREMENT",
				"isReturned": false,
				"isRuntimeConstrained": false,
				"valueConstraint": "",
				"instanceValue": null,
				"deletionMode": "NO_DELETE"
			},
			{
				"propList": [
					{
						"valueTypes": [
							"string"
						],
						"rangeURI": "http://www.w3.org/2001/XMLSchema#string",
						"UriRelationship": "http://arcos.rack/PROV-S#identifier",
						"Constraints": "",
						"SparqlID": "?identifier_0",
						"isReturned": false,
						"optMinus": 0,
						"isRuntimeConstrained": false,
						"instanceValues": [],
						"isMarkedForDeletion": false,
						"binding": "?identifier_swcomponent",
						"isBindingReturned": true
					}
				],
				"nodeList": [
					{
						"SnodeSparqlIDs": [
							"?REQUIREMENT"
						],
						"OptionalMinus": [
							1
						],
						"Qualifiers": [
							""
						],
						"DeletionMarkers": [
							false
						],
						"range": [
							"http://arcos.rack/PROV-S#ENTITY"
						],
						"ConnectBy": "wasImpactedBy",
						"Connected": true,
						"UriConnectBy": "http://arcos.rack/PROV-S#wasImpactedBy"
					}
				],
				"fullURIName": "http://arcos.rack/SOFTWARE#SWCOMPONENT",
				"SparqlID": "?SWCOMPONENT",
				"isReturned": false,
				"isRuntimeConstrained": false,
				"valueConstraint": "",
				"instanceValue": null,
				"deletionMode": "NO_DELETE"
			}
		],
		"orderBy": [],
		"groupBy": [],
		"unionHash": {},
		"columnOrder": []
	},
	"importSpec": {
		"version": "1",
		"baseURI": "",
		"columns": [],
		"dataValidator": [],
		"texts": [],
		"transforms": [],
		"nodes": [
			{
				"sparqlID": "?SWCOMPONENT",
				"type": "http://arcos.rack/SOFTWARE#SWCOMPONENT",
				"mapping": [],
				"props": []
			},
			{
				"sparqlID": "?REQUIREMENT",
				"type": "http://arcos.rack/REQUIREMENTS#REQUIREMENT",
				"mapping": [],
				"props": []
			}
		]
	},
	"plotSpecs": []
}