{
	"version": 3,
	"sparqlConn": {
		"name": "RACK local fuseki",
		"domain": "",
		"enableOwlImports": false,
		"model": [
			{
				"type": "fuseki",
				"url": "http://localhost:3030/RACK",
				"graph": "http://rack001/model"
			}
		],
		"data": [
			{
				"type": "fuseki",
				"url": "http://localhost:3030/RACK",
				"graph": "http://rack001/data"
			}
		]
	},
	"sNodeGroup": {
		"version": 19,
		"limit": 0,
		"offset": 0,
		"sNodeList": [
			{
				"propList": [
					{
						"valueTypes": [
							"string"
						],
						"rangeURI": "http://www.w3.org/2001/XMLSchema#string",
						"UriRelationship": "http://arcos.rack/PROV-S#description",
						"Constraints": "",
						"SparqlID": "?description_srs_req",
						"isReturned": true,
						"optMinus": 1,
						"isRuntimeConstrained": false,
						"instanceValues": [],
						"isMarkedForDeletion": false
					},
					{
						"valueTypes": [
							"string"
						],
						"rangeURI": "http://www.w3.org/2001/XMLSchema#string",
						"UriRelationship": "http://arcos.rack/PROV-S#identifier",
						"Constraints": "",
						"SparqlID": "?identifier_srs_req",
						"isReturned": true,
						"optMinus": 1,
						"isRuntimeConstrained": false,
						"instanceValues": [],
						"isMarkedForDeletion": false
					}
				],
				"nodeList": [],
				"fullURIName": "http://arcos.rack/OEM#SRS_Req",
				"SparqlID": "?SRS_Req",
				"isReturned": false,
				"isRuntimeConstrained": false,
				"valueConstraint": "",
				"instanceValue": null,
				"deletionMode": "NO_DELETE"
			}
		],
		"orderBy": [],
		"groupBy": [],
		"unionHash": {},
		"columnOrder": []
	},
	"importSpec": {
		"version": "1",
		"baseURI": "",
		"columns": [],
		"dataValidator": [],
		"texts": [],
		"transforms": [],
		"nodes": [
			{
				"sparqlID": "?SRS_Req",
				"type": "http://arcos.rack/OEM#SRS_Req",
				"mapping": [],
				"props": []
			}
		]
	},
	"plotSpecs": []
}