identifier,content_identifier,title
Default_Source_Document,SRS_REQ_1,Default_SrcDoc
Default_Source_Document,SRS_REQ_2,Default_SrcDoc
Default_Source_Document,SRS_REQ_3,Default_SrcDoc
Default_Source_Document,SRS_REQ_4,Default_SrcDoc
Default_Source_Document,SRS_REQ_5,Default_SrcDoc
Default_Source_Document,SRS_REQ_6,Default_SrcDoc
Default_Source_Document,SRS_REQ_7,Default_SrcDoc
Default_Source_Document,SRS_REQ_8,Default_SrcDoc
Default_Source_Document,SRS_REQ_9,Default_SrcDoc
Default_Source_Document,SRS_REQ_10,Default_SrcDoc
Default_Source_Document,SRS_REQ_11,Default_SrcDoc
Default_Source_Document,SRS_REQ_12,Default_SrcDoc
Default_Source_Document,SRS_REQ_13,Default_SrcDoc
Default_Source_Document,SRS_REQ_14,Default_SrcDoc
Default_Source_Document,SRS_REQ_15,Default_SrcDoc
Default_Source_Document,SRS_REQ_16,Default_SrcDoc
Default_Source_Document,SRS_REQ_17,Default_SrcDoc
Default_Source_Document,SRS_REQ_18,Default_SrcDoc
Default_Source_Document,SRS_REQ_19,Default_SrcDoc
Default_Source_Document,SRS_REQ_20,Default_SrcDoc
Default_Source_Document,SRS_REQ_21,Default_SrcDoc
Default_Source_Document,SRS_REQ_22,Default_SrcDoc
Default_Source_Document,SRS_REQ_23,Default_SrcDoc
Default_Source_Document,SRS_REQ_24,Default_SrcDoc
Default_Source_Document,SRS_REQ_25,Default_SrcDoc
Default_Source_Document,SRS_REQ_26,Default_SrcDoc
Default_Source_Document,SRS_REQ_27,Default_SrcDoc
Default_Source_Document,SRS_REQ_28,Default_SrcDoc
Default_Source_Document,SRS_REQ_29,Default_SrcDoc
Default_Source_Document,SRS_REQ_30,Default_SrcDoc
Default_Source_Document,SRS_REQ_31,Default_SrcDoc
Default_Source_Document,SRS_REQ_32,Default_SrcDoc
Default_Source_Document,SRS_REQ_33,Default_SrcDoc
Default_Source_Document,SRS_REQ_34,Default_SrcDoc
Default_Source_Document,SRS_REQ_35,Default_SrcDoc
Default_Source_Document,SRS_REQ_36,Default_SrcDoc
Default_Source_Document,SRS_REQ_37,Default_SrcDoc
Default_Source_Document,SRS_REQ_38,Default_SrcDoc
Default_Source_Document,SRS_REQ_39,Default_SrcDoc
Default_Source_Document,SRS_REQ_40,Default_SrcDoc
Default_Source_Document,SRS_REQ_41,Default_SrcDoc
Default_Source_Document,SRS_REQ_42,Default_SrcDoc
Default_Source_Document,SRS_REQ_43,Default_SrcDoc
Default_Source_Document,SRS_REQ_44,Default_SrcDoc
Default_Source_Document,SRS_REQ_45,Default_SrcDoc
Default_Source_Document,SRS_REQ_46,Default_SrcDoc
Default_Source_Document,SRS_REQ_47,Default_SrcDoc
Default_Source_Document,SRS_REQ_48,Default_SrcDoc
Default_Source_Document,SRS_REQ_49,Default_SrcDoc
Default_Source_Document,SRS_REQ_50,Default_SrcDoc
Default_Source_Document,SRS_REQ_51,Default_SrcDoc
Default_Source_Document,SRS_REQ_52,Default_SrcDoc
Default_Source_Document,SRS_REQ_53,Default_SrcDoc
Default_Source_Document,SRS_REQ_54,Default_SrcDoc
Default_Source_Document,SRS_REQ_55,Default_SrcDoc
Default_Source_Document,SRS_REQ_56,Default_SrcDoc
Default_Source_Document,SRS_REQ_57,Default_SrcDoc
Default_Source_Document,SRS_REQ_58,Default_SrcDoc
Default_Source_Document,SRS_REQ_59,Default_SrcDoc
Default_Source_Document,SRS_REQ_60,Default_SrcDoc
Default_Source_Document,SRS_REQ_61,Default_SrcDoc
Default_Source_Document,SRS_REQ_62,Default_SrcDoc
Default_Source_Document,SRS_REQ_63,Default_SrcDoc
Default_Source_Document,SRS_REQ_64,Default_SrcDoc
Default_Source_Document,SRS_REQ_65,Default_SrcDoc
Default_Source_Document,SRS_REQ_66,Default_SrcDoc
Default_Source_Document,SRS_REQ_67,Default_SrcDoc
Default_Source_Document,SRS_REQ_68,Default_SrcDoc
Default_Source_Document,SRS_REQ_69,Default_SrcDoc
Default_Source_Document,SRS_REQ_70,Default_SrcDoc
Default_Source_Document,SRS_REQ_71,Default_SrcDoc
Default_Source_Document,SRS_REQ_72,Default_SrcDoc
Default_Source_Document,SRS_REQ_73,Default_SrcDoc
Default_Source_Document,SRS_REQ_74,Default_SrcDoc
Default_Source_Document,SRS_REQ_75,Default_SrcDoc
Default_Source_Document,SRS_REQ_76,Default_SrcDoc
Default_Source_Document,SRS_REQ_77,Default_SrcDoc
Default_Source_Document,SRS_REQ_78,Default_SrcDoc
Default_Source_Document,SRS_REQ_79,Default_SrcDoc
Default_Source_Document,SRS_REQ_80,Default_SrcDoc
Default_Source_Document,SRS_REQ_81,Default_SrcDoc
Default_Source_Document,SRS_REQ_82,Default_SrcDoc
Default_Source_Document,SRS_REQ_83,Default_SrcDoc
Default_Source_Document,SRS_REQ_84,Default_SrcDoc
Default_Source_Document,SRS_REQ_85,Default_SrcDoc
Default_Source_Document,SRS_REQ_86,Default_SrcDoc
Default_Source_Document,SRS_REQ_87,Default_SrcDoc
Default_Source_Document,SRS_REQ_88,Default_SrcDoc
Default_Source_Document,SRS_REQ_89,Default_SrcDoc
Default_Source_Document,SRS_REQ_90,Default_SrcDoc
Default_Source_Document,SRS_REQ_91,Default_SrcDoc
Default_Source_Document,SRS_REQ_92,Default_SrcDoc
Default_Source_Document,SRS_REQ_93,Default_SrcDoc
Default_Source_Document,SRS_REQ_94,Default_SrcDoc
Default_Source_Document,SRS_REQ_95,Default_SrcDoc
Default_Source_Document,SRS_REQ_96,Default_SrcDoc
Default_Source_Document,SRS_REQ_97,Default_SrcDoc
Default_Source_Document,SRS_REQ_98,Default_SrcDoc
Default_Source_Document,SRS_REQ_99,Default_SrcDoc
Default_Source_Document,SRS_REQ_100,Default_SrcDoc
Default_Source_Document,SRS_REQ_101,Default_SrcDoc
Default_Source_Document,SRS_REQ_102,Default_SrcDoc
Default_Source_Document,SRS_REQ_103,Default_SrcDoc
Default_Source_Document,SRS_REQ_104,Default_SrcDoc
Default_Source_Document,SRS_REQ_105,Default_SrcDoc
Default_Source_Document,SRS_REQ_106,Default_SrcDoc
Default_Source_Document,SRS_REQ_107,Default_SrcDoc
Default_Source_Document,SRS_REQ_108,Default_SrcDoc
Default_Source_Document,SRS_REQ_109,Default_SrcDoc
Default_Source_Document,SRS_REQ_110,Default_SrcDoc
Default_Source_Document,SRS_REQ_111,Default_SrcDoc
Default_Source_Document,SRS_REQ_112,Default_SrcDoc
Default_Source_Document,SRS_REQ_113,Default_SrcDoc
Default_Source_Document,SRS_REQ_114,Default_SrcDoc
Default_Source_Document,SRS_REQ_115,Default_SrcDoc
Default_Source_Document,SRS_REQ_116,Default_SrcDoc
Default_Source_Document,SRS_REQ_117,Default_SrcDoc
Default_Source_Document,SRS_REQ_118,Default_SrcDoc
Default_Source_Document,SRS_REQ_119,Default_SrcDoc
Default_Source_Document,SRS_REQ_120,Default_SrcDoc
Default_Source_Document,SRS_REQ_121,Default_SrcDoc
Default_Source_Document,SRS_REQ_122,Default_SrcDoc
Default_Source_Document,SRS_REQ_123,Default_SrcDoc
Default_Source_Document,SRS_REQ_124,Default_SrcDoc
Default_Source_Document,SRS_REQ_125,Default_SrcDoc
Default_Source_Document,SRS_REQ_126,Default_SrcDoc
Default_Source_Document,SRS_REQ_127,Default_SrcDoc
Default_Source_Document,SRS_REQ_128,Default_SrcDoc
Default_Source_Document,SRS_REQ_129,Default_SrcDoc
Default_Source_Document,SRS_REQ_130,Default_SrcDoc
Default_Source_Document,SRS_REQ_131,Default_SrcDoc
Default_Source_Document,SRS_REQ_132,Default_SrcDoc
Default_Source_Document,SRS_REQ_133,Default_SrcDoc
Default_Source_Document,SRS_REQ_134,Default_SrcDoc
Default_Source_Document,SRS_REQ_135,Default_SrcDoc
Default_Source_Document,SRS_REQ_136,Default_SrcDoc
Default_Source_Document,SRS_REQ_137,Default_SrcDoc
Default_Source_Document,SRS_REQ_138,Default_SrcDoc
Default_Source_Document,SRS_REQ_139,Default_SrcDoc
Default_Source_Document,SRS_REQ_140,Default_SrcDoc
Default_Source_Document,SRS_REQ_141,Default_SrcDoc
Default_Source_Document,SRS_REQ_142,Default_SrcDoc
Default_Source_Document,SRS_REQ_143,Default_SrcDoc
Default_Source_Document,SRS_REQ_144,Default_SrcDoc
Default_Source_Document,SRS_REQ_145,Default_SrcDoc
Default_Source_Document,SRS_REQ_146,Default_SrcDoc
Default_Source_Document,SRS_REQ_147,Default_SrcDoc
Default_Source_Document,SRS_REQ_148,Default_SrcDoc
Default_Source_Document,SRS_REQ_149,Default_SrcDoc
Default_Source_Document,SRS_REQ_150,Default_SrcDoc
Default_Source_Document,SRS_REQ_151,Default_SrcDoc
Default_Source_Document,SRS_REQ_152,Default_SrcDoc
Default_Source_Document,SRS_REQ_153,Default_SrcDoc
Default_Source_Document,SRS_REQ_154,Default_SrcDoc
Default_Source_Document,SRS_REQ_155,Default_SrcDoc
Default_Source_Document,SRS_REQ_156,Default_SrcDoc
Default_Source_Document,SRS_REQ_157,Default_SrcDoc
Default_Source_Document,SRS_REQ_158,Default_SrcDoc
Default_Source_Document,SRS_REQ_159,Default_SrcDoc
Default_Source_Document,SRS_REQ_160,Default_SrcDoc
Default_Source_Document,SRS_REQ_161,Default_SrcDoc
Default_Source_Document,SRS_REQ_162,Default_SrcDoc
Default_Source_Document,SRS_REQ_163,Default_SrcDoc
Default_Source_Document,SRS_REQ_164,Default_SrcDoc
Default_Source_Document,SRS_REQ_165,Default_SrcDoc
Default_Source_Document,SRS_REQ_166,Default_SrcDoc
Default_Source_Document,SRS_REQ_167,Default_SrcDoc
Default_Source_Document,SRS_REQ_168,Default_SrcDoc
Default_Source_Document,SRS_REQ_169,Default_SrcDoc
Default_Source_Document,SRS_REQ_170,Default_SrcDoc
Default_Source_Document,SRS_REQ_171,Default_SrcDoc
Default_Source_Document,SRS_REQ_172,Default_SrcDoc
Default_Source_Document,SRS_REQ_173,Default_SrcDoc
Default_Source_Document,SRS_REQ_174,Default_SrcDoc
Default_Source_Document,SRS_REQ_175,Default_SrcDoc
Default_Source_Document,SRS_REQ_176,Default_SrcDoc
Default_Source_Document,SRS_REQ_177,Default_SrcDoc
Default_Source_Document,SRS_REQ_178,Default_SrcDoc
Default_Source_Document,SRS_REQ_179,Default_SrcDoc
Default_Source_Document,SRS_REQ_180,Default_SrcDoc
Default_Source_Document,SRS_REQ_181,Default_SrcDoc
Default_Source_Document,SRS_REQ_182,Default_SrcDoc
Default_Source_Document,SRS_REQ_183,Default_SrcDoc
Default_Source_Document,SRS_REQ_184,Default_SrcDoc
Default_Source_Document,SRS_REQ_185,Default_SrcDoc
Default_Source_Document,SRS_REQ_186,Default_SrcDoc
Default_Source_Document,SRS_REQ_187,Default_SrcDoc
Default_Source_Document,SRS_REQ_188,Default_SrcDoc
Default_Source_Document,SRS_REQ_189,Default_SrcDoc
Default_Source_Document,SRS_REQ_190,Default_SrcDoc
Default_Source_Document,SRS_REQ_191,Default_SrcDoc
Default_Source_Document,SRS_REQ_192,Default_SrcDoc
Default_Source_Document,SRS_REQ_193,Default_SrcDoc
Default_Source_Document,SRS_REQ_194,Default_SrcDoc
Default_Source_Document,SRS_REQ_195,Default_SrcDoc
Default_Source_Document,SRS_REQ_196,Default_SrcDoc
Default_Source_Document,SRS_REQ_197,Default_SrcDoc
Default_Source_Document,SRS_REQ_198,Default_SrcDoc
Default_Source_Document,SRS_REQ_199,Default_SrcDoc
Default_Source_Document,SubDD_REQ_1,Default_SrcDoc
Default_Source_Document,SubDD_REQ_2,Default_SrcDoc
Default_Source_Document,SubDD_REQ_3,Default_SrcDoc
Default_Source_Document,SubDD_REQ_4,Default_SrcDoc
Default_Source_Document,SubDD_REQ_5,Default_SrcDoc
Default_Source_Document,SubDD_REQ_6,Default_SrcDoc
Default_Source_Document,SubDD_REQ_7,Default_SrcDoc
Default_Source_Document,SubDD_REQ_8,Default_SrcDoc
Default_Source_Document,SubDD_REQ_9,Default_SrcDoc
Default_Source_Document,SubDD_REQ_10,Default_SrcDoc
Default_Source_Document,SubDD_REQ_11,Default_SrcDoc
Default_Source_Document,SubDD_REQ_12,Default_SrcDoc
Default_Source_Document,SubDD_REQ_13,Default_SrcDoc
Default_Source_Document,SubDD_REQ_14,Default_SrcDoc
Default_Source_Document,SubDD_REQ_15,Default_SrcDoc
Default_Source_Document,SubDD_REQ_16,Default_SrcDoc
Default_Source_Document,SubDD_REQ_17,Default_SrcDoc
Default_Source_Document,SubDD_REQ_18,Default_SrcDoc
Default_Source_Document,SubDD_REQ_19,Default_SrcDoc
Default_Source_Document,SubDD_REQ_20,Default_SrcDoc
Default_Source_Document,SubDD_REQ_21,Default_SrcDoc
Default_Source_Document,SubDD_REQ_22,Default_SrcDoc
Default_Source_Document,SubDD_REQ_23,Default_SrcDoc
Default_Source_Document,SubDD_REQ_24,Default_SrcDoc
Default_Source_Document,SubDD_REQ_25,Default_SrcDoc
Default_Source_Document,SubDD_REQ_26,Default_SrcDoc
Default_Source_Document,SubDD_REQ_27,Default_SrcDoc
Default_Source_Document,SubDD_REQ_28,Default_SrcDoc
Default_Source_Document,SubDD_REQ_29,Default_SrcDoc
Default_Source_Document,SubDD_REQ_30,Default_SrcDoc
Default_Source_Document,SubDD_REQ_31,Default_SrcDoc
Default_Source_Document,SubDD_REQ_32,Default_SrcDoc
Default_Source_Document,SubDD_REQ_33,Default_SrcDoc
Default_Source_Document,SubDD_REQ_34,Default_SrcDoc
Default_Source_Document,SubDD_REQ_35,Default_SrcDoc
Default_Source_Document,SubDD_REQ_36,Default_SrcDoc
Default_Source_Document,SubDD_REQ_37,Default_SrcDoc
Default_Source_Document,SubDD_REQ_38,Default_SrcDoc
Default_Source_Document,SubDD_REQ_39,Default_SrcDoc
Default_Source_Document,SubDD_REQ_40,Default_SrcDoc
Default_Source_Document,SubDD_REQ_41,Default_SrcDoc
Default_Source_Document,SubDD_REQ_42,Default_SrcDoc
Default_Source_Document,SubDD_REQ_43,Default_SrcDoc
Default_Source_Document,SubDD_REQ_44,Default_SrcDoc
Default_Source_Document,SubDD_REQ_45,Default_SrcDoc
Default_Source_Document,SubDD_REQ_46,Default_SrcDoc
Default_Source_Document,SubDD_REQ_47,Default_SrcDoc
Default_Source_Document,SubDD_REQ_48,Default_SrcDoc
Default_Source_Document,SubDD_REQ_49,Default_SrcDoc
Default_Source_Document,SubDD_REQ_50,Default_SrcDoc
Default_Source_Document,SubDD_REQ_51,Default_SrcDoc
Default_Source_Document,SubDD_REQ_52,Default_SrcDoc
Default_Source_Document,SubDD_REQ_53,Default_SrcDoc
Default_Source_Document,SubDD_REQ_54,Default_SrcDoc
Default_Source_Document,SubDD_REQ_55,Default_SrcDoc
Default_Source_Document,SubDD_REQ_56,Default_SrcDoc
Default_Source_Document,SubDD_REQ_57,Default_SrcDoc
Default_Source_Document,SubDD_REQ_58,Default_SrcDoc
Default_Source_Document,SubDD_REQ_59,Default_SrcDoc
Default_Source_Document,SubDD_REQ_60,Default_SrcDoc
Default_Source_Document,SubDD_REQ_61,Default_SrcDoc
Default_Source_Document,SubDD_REQ_62,Default_SrcDoc
Default_Source_Document,SubDD_REQ_63,Default_SrcDoc
Default_Source_Document,SubDD_REQ_64,Default_SrcDoc
Default_Source_Document,SubDD_REQ_65,Default_SrcDoc
Default_Source_Document,SubDD_REQ_66,Default_SrcDoc
Default_Source_Document,SubDD_REQ_67,Default_SrcDoc
Default_Source_Document,SubDD_REQ_68,Default_SrcDoc
Default_Source_Document,SubDD_REQ_69,Default_SrcDoc
Default_Source_Document,SubDD_REQ_70,Default_SrcDoc
Default_Source_Document,SubDD_REQ_71,Default_SrcDoc
Default_Source_Document,SubDD_REQ_72,Default_SrcDoc
Default_Source_Document,SubDD_REQ_73,Default_SrcDoc
Default_Source_Document,SubDD_REQ_74,Default_SrcDoc
Default_Source_Document,SubDD_REQ_75,Default_SrcDoc
Default_Source_Document,SubDD_REQ_76,Default_SrcDoc
Default_Source_Document,SubDD_REQ_77,Default_SrcDoc
Default_Source_Document,SubDD_REQ_78,Default_SrcDoc
Default_Source_Document,SubDD_REQ_79,Default_SrcDoc
Default_Source_Document,SubDD_REQ_80,Default_SrcDoc
Default_Source_Document,SubDD_REQ_81,Default_SrcDoc
Default_Source_Document,SubDD_REQ_82,Default_SrcDoc
Default_Source_Document,SubDD_REQ_83,Default_SrcDoc
Default_Source_Document,SubDD_REQ_84,Default_SrcDoc
Default_Source_Document,SubDD_REQ_85,Default_SrcDoc
Default_Source_Document,SubDD_REQ_86,Default_SrcDoc
Default_Source_Document,SubDD_REQ_87,Default_SrcDoc
Default_Source_Document,SubDD_REQ_88,Default_SrcDoc
Default_Source_Document,SubDD_REQ_89,Default_SrcDoc
Default_Source_Document,SubDD_REQ_90,Default_SrcDoc
Default_Source_Document,SubDD_REQ_91,Default_SrcDoc
Default_Source_Document,SubDD_REQ_92,Default_SrcDoc
Default_Source_Document,SubDD_REQ_93,Default_SrcDoc
Default_Source_Document,SubDD_REQ_94,Default_SrcDoc
Default_Source_Document,SubDD_REQ_95,Default_SrcDoc
Default_Source_Document,SubDD_REQ_96,Default_SrcDoc
Default_Source_Document,SubDD_REQ_97,Default_SrcDoc
Default_Source_Document,SubDD_REQ_98,Default_SrcDoc
Default_Source_Document,SubDD_REQ_99,Default_SrcDoc
Default_Source_Document,SubDD_REQ_100,Default_SrcDoc
Default_Source_Document,SubDD_REQ_101,Default_SrcDoc
Default_Source_Document,SubDD_REQ_102,Default_SrcDoc
Default_Source_Document,SubDD_REQ_103,Default_SrcDoc
Default_Source_Document,SubDD_REQ_104,Default_SrcDoc
Default_Source_Document,SubDD_REQ_105,Default_SrcDoc
Default_Source_Document,SubDD_REQ_106,Default_SrcDoc
Default_Source_Document,SubDD_REQ_107,Default_SrcDoc
Default_Source_Document,SubDD_REQ_108,Default_SrcDoc
Default_Source_Document,SubDD_REQ_109,Default_SrcDoc
Default_Source_Document,SubDD_REQ_110,Default_SrcDoc
Default_Source_Document,SubDD_REQ_111,Default_SrcDoc
Default_Source_Document,SubDD_REQ_112,Default_SrcDoc
Default_Source_Document,SubDD_REQ_113,Default_SrcDoc
Default_Source_Document,SubDD_REQ_114,Default_SrcDoc
Default_Source_Document,SubDD_REQ_115,Default_SrcDoc
Default_Source_Document,SubDD_REQ_116,Default_SrcDoc
Default_Source_Document,SubDD_REQ_117,Default_SrcDoc
Default_Source_Document,SubDD_REQ_118,Default_SrcDoc
Default_Source_Document,SubDD_REQ_119,Default_SrcDoc
Default_Source_Document,SubDD_REQ_120,Default_SrcDoc
Default_Source_Document,SubDD_REQ_121,Default_SrcDoc
Default_Source_Document,SubDD_REQ_122,Default_SrcDoc
Default_Source_Document,SubDD_REQ_123,Default_SrcDoc
Default_Source_Document,SubDD_REQ_124,Default_SrcDoc
Default_Source_Document,SubDD_REQ_125,Default_SrcDoc
Default_Source_Document,SubDD_REQ_126,Default_SrcDoc
Default_Source_Document,SubDD_REQ_127,Default_SrcDoc
Default_Source_Document,SubDD_REQ_128,Default_SrcDoc
Default_Source_Document,SubDD_REQ_129,Default_SrcDoc
Default_Source_Document,SubDD_REQ_130,Default_SrcDoc
Default_Source_Document,SubDD_REQ_131,Default_SrcDoc
Default_Source_Document,SubDD_REQ_132,Default_SrcDoc
Default_Source_Document,SubDD_REQ_133,Default_SrcDoc
Default_Source_Document,SubDD_REQ_134,Default_SrcDoc
Default_Source_Document,SubDD_REQ_135,Default_SrcDoc
Default_Source_Document,SubDD_REQ_136,Default_SrcDoc
Default_Source_Document,SubDD_REQ_137,Default_SrcDoc
Default_Source_Document,SubDD_REQ_138,Default_SrcDoc
Default_Source_Document,SubDD_REQ_139,Default_SrcDoc
Default_Source_Document,SubDD_REQ_140,Default_SrcDoc
Default_Source_Document,SubDD_REQ_141,Default_SrcDoc
Default_Source_Document,SubDD_REQ_142,Default_SrcDoc
Default_Source_Document,SubDD_REQ_143,Default_SrcDoc
Default_Source_Document,SubDD_REQ_144,Default_SrcDoc
Default_Source_Document,SubDD_REQ_145,Default_SrcDoc
Default_Source_Document,SubDD_REQ_146,Default_SrcDoc
Default_Source_Document,SubDD_REQ_147,Default_SrcDoc
Default_Source_Document,SubDD_REQ_148,Default_SrcDoc
Default_Source_Document,SubDD_REQ_149,Default_SrcDoc
Default_Source_Document,SubDD_REQ_150,Default_SrcDoc
Default_Source_Document,SubDD_REQ_151,Default_SrcDoc
Default_Source_Document,SubDD_REQ_152,Default_SrcDoc
Default_Source_Document,SubDD_REQ_153,Default_SrcDoc
Default_Source_Document,SubDD_REQ_154,Default_SrcDoc
Default_Source_Document,SubDD_REQ_155,Default_SrcDoc
Default_Source_Document,SubDD_REQ_156,Default_SrcDoc
Default_Source_Document,SubDD_REQ_157,Default_SrcDoc
Default_Source_Document,SubDD_REQ_158,Default_SrcDoc
Default_Source_Document,SubDD_REQ_159,Default_SrcDoc
Default_Source_Document,SubDD_REQ_160,Default_SrcDoc
Default_Source_Document,SubDD_REQ_161,Default_SrcDoc
Default_Source_Document,SubDD_REQ_162,Default_SrcDoc
Default_Source_Document,SubDD_REQ_163,Default_SrcDoc
Default_Source_Document,SubDD_REQ_164,Default_SrcDoc
Default_Source_Document,SubDD_REQ_165,Default_SrcDoc
Default_Source_Document,SubDD_REQ_166,Default_SrcDoc
Default_Source_Document,SubDD_REQ_167,Default_SrcDoc
Default_Source_Document,SubDD_REQ_168,Default_SrcDoc
Default_Source_Document,SubDD_REQ_169,Default_SrcDoc
Default_Source_Document,SubDD_REQ_170,Default_SrcDoc
Default_Source_Document,SubDD_REQ_171,Default_SrcDoc
Default_Source_Document,SubDD_REQ_172,Default_SrcDoc
Default_Source_Document,SubDD_REQ_173,Default_SrcDoc
Default_Source_Document,SubDD_REQ_174,Default_SrcDoc
Default_Source_Document,SubDD_REQ_175,Default_SrcDoc
Default_Source_Document,SubDD_REQ_176,Default_SrcDoc
Default_Source_Document,SubDD_REQ_177,Default_SrcDoc
Default_Source_Document,SubDD_REQ_178,Default_SrcDoc
Default_Source_Document,SubDD_REQ_179,Default_SrcDoc
Default_Source_Document,SubDD_REQ_180,Default_SrcDoc
Default_Source_Document,SubDD_REQ_181,Default_SrcDoc
Default_Source_Document,SubDD_REQ_182,Default_SrcDoc
Default_Source_Document,SubDD_REQ_183,Default_SrcDoc
Default_Source_Document,SubDD_REQ_184,Default_SrcDoc
Default_Source_Document,SubDD_REQ_185,Default_SrcDoc
Default_Source_Document,SubDD_REQ_186,Default_SrcDoc
Default_Source_Document,SubDD_REQ_187,Default_SrcDoc
Default_Source_Document,SubDD_REQ_188,Default_SrcDoc
Default_Source_Document,SubDD_REQ_189,Default_SrcDoc
Default_Source_Document,SubDD_REQ_190,Default_SrcDoc
Default_Source_Document,SubDD_REQ_191,Default_SrcDoc
Default_Source_Document,SubDD_REQ_192,Default_SrcDoc
Default_Source_Document,SubDD_REQ_193,Default_SrcDoc
Default_Source_Document,SubDD_REQ_194,Default_SrcDoc
Default_Source_Document,SubDD_REQ_195,Default_SrcDoc
Default_Source_Document,SubDD_REQ_196,Default_SrcDoc
Default_Source_Document,SubDD_REQ_197,Default_SrcDoc
Default_Source_Document,SubDD_REQ_198,Default_SrcDoc
Default_Source_Document,SubDD_REQ_199,Default_SrcDoc
Default_Source_Document,SubDD_REQ_200,Default_SrcDoc
Default_Source_Document,SubDD_REQ_201,Default_SrcDoc
Default_Source_Document,SubDD_REQ_202,Default_SrcDoc
Default_Source_Document,SubDD_REQ_203,Default_SrcDoc
Default_Source_Document,SubDD_REQ_204,Default_SrcDoc
Default_Source_Document,SubDD_REQ_205,Default_SrcDoc
Default_Source_Document,SubDD_REQ_206,Default_SrcDoc
Default_Source_Document,SubDD_REQ_207,Default_SrcDoc
Default_Source_Document,SubDD_REQ_208,Default_SrcDoc
Default_Source_Document,SubDD_REQ_209,Default_SrcDoc
Default_Source_Document,SubDD_REQ_210,Default_SrcDoc
Default_Source_Document,SubDD_REQ_211,Default_SrcDoc
Default_Source_Document,SubDD_REQ_212,Default_SrcDoc
Default_Source_Document,SubDD_REQ_213,Default_SrcDoc
Default_Source_Document,SubDD_REQ_214,Default_SrcDoc
Default_Source_Document,SubDD_REQ_215,Default_SrcDoc
Default_Source_Document,SubDD_REQ_216,Default_SrcDoc
Default_Source_Document,SubDD_REQ_217,Default_SrcDoc
Default_Source_Document,SubDD_REQ_218,Default_SrcDoc
Default_Source_Document,SubDD_REQ_219,Default_SrcDoc
Default_Source_Document,SubDD_REQ_220,Default_SrcDoc
Default_Source_Document,SubDD_REQ_221,Default_SrcDoc
Default_Source_Document,SubDD_REQ_222,Default_SrcDoc
Default_Source_Document,SubDD_REQ_223,Default_SrcDoc
Default_Source_Document,SubDD_REQ_224,Default_SrcDoc
Default_Source_Document,SubDD_REQ_225,Default_SrcDoc
Default_Source_Document,SubDD_REQ_226,Default_SrcDoc
Default_Source_Document,SubDD_REQ_227,Default_SrcDoc
Default_Source_Document,SubDD_REQ_228,Default_SrcDoc
Default_Source_Document,SubDD_REQ_229,Default_SrcDoc
Default_Source_Document,SubDD_REQ_230,Default_SrcDoc
Default_Source_Document,SubDD_REQ_231,Default_SrcDoc
Default_Source_Document,SubDD_REQ_232,Default_SrcDoc
Default_Source_Document,SubDD_REQ_233,Default_SrcDoc
Default_Source_Document,SubDD_REQ_234,Default_SrcDoc
Default_Source_Document,SubDD_REQ_235,Default_SrcDoc
Default_Source_Document,SubDD_REQ_236,Default_SrcDoc
Default_Source_Document,SubDD_REQ_237,Default_SrcDoc
Default_Source_Document,SubDD_REQ_238,Default_SrcDoc
Default_Source_Document,SubDD_REQ_239,Default_SrcDoc
Default_Source_Document,SubDD_REQ_240,Default_SrcDoc
Default_Source_Document,SubDD_REQ_241,Default_SrcDoc
Default_Source_Document,SubDD_REQ_242,Default_SrcDoc
Default_Source_Document,SubDD_REQ_243,Default_SrcDoc
Default_Source_Document,SubDD_REQ_244,Default_SrcDoc
Default_Source_Document,SubDD_REQ_245,Default_SrcDoc
Default_Source_Document,SubDD_REQ_246,Default_SrcDoc
Default_Source_Document,SubDD_REQ_247,Default_SrcDoc
Default_Source_Document,SubDD_REQ_248,Default_SrcDoc
Default_Source_Document,SubDD_REQ_249,Default_SrcDoc
Default_Source_Document,SubDD_REQ_250,Default_SrcDoc
Default_Source_Document,SubDD_REQ_251,Default_SrcDoc
Default_Source_Document,SubDD_REQ_252,Default_SrcDoc
Default_Source_Document,SubDD_REQ_253,Default_SrcDoc
Default_Source_Document,SubDD_REQ_254,Default_SrcDoc
Default_Source_Document,SubDD_REQ_255,Default_SrcDoc
Default_Source_Document,SubDD_REQ_256,Default_SrcDoc
Default_Source_Document,SubDD_REQ_257,Default_SrcDoc
Default_Source_Document,SubDD_REQ_258,Default_SrcDoc
Default_Source_Document,SubDD_REQ_259,Default_SrcDoc
Default_Source_Document,SubDD_REQ_260,Default_SrcDoc
Default_Source_Document,SubDD_REQ_261,Default_SrcDoc
Default_Source_Document,SubDD_REQ_262,Default_SrcDoc
Default_Source_Document,SubDD_REQ_263,Default_SrcDoc
Default_Source_Document,SubDD_REQ_264,Default_SrcDoc
Default_Source_Document,SubDD_REQ_265,Default_SrcDoc
Default_Source_Document,SubDD_REQ_266,Default_SrcDoc
Default_Source_Document,SubDD_REQ_267,Default_SrcDoc
Default_Source_Document,SubDD_REQ_268,Default_SrcDoc
Default_Source_Document,SubDD_REQ_269,Default_SrcDoc
Default_Source_Document,SubDD_REQ_270,Default_SrcDoc
Default_Source_Document,SubDD_REQ_271,Default_SrcDoc
Default_Source_Document,SubDD_REQ_272,Default_SrcDoc
Default_Source_Document,SubDD_REQ_273,Default_SrcDoc
Default_Source_Document,SubDD_REQ_274,Default_SrcDoc
Default_Source_Document,SubDD_REQ_275,Default_SrcDoc
Default_Source_Document,SubDD_REQ_276,Default_SrcDoc
Default_Source_Document,SubDD_REQ_277,Default_SrcDoc
Default_Source_Document,SubDD_REQ_278,Default_SrcDoc
Default_Source_Document,SubDD_REQ_279,Default_SrcDoc
Default_Source_Document,SubDD_REQ_280,Default_SrcDoc
Default_Source_Document,SubDD_REQ_281,Default_SrcDoc
Default_Source_Document,SubDD_REQ_282,Default_SrcDoc
Default_Source_Document,SubDD_REQ_283,Default_SrcDoc
Default_Source_Document,SubDD_REQ_284,Default_SrcDoc
Default_Source_Document,SubDD_REQ_285,Default_SrcDoc
Default_Source_Document,SubDD_REQ_286,Default_SrcDoc
Default_Source_Document,SubDD_REQ_287,Default_SrcDoc
Default_Source_Document,SubDD_REQ_288,Default_SrcDoc
Default_Source_Document,SubDD_REQ_289,Default_SrcDoc
Default_Source_Document,SubDD_REQ_290,Default_SrcDoc
Default_Source_Document,SubDD_REQ_291,Default_SrcDoc
Default_Source_Document,SubDD_REQ_292,Default_SrcDoc
Default_Source_Document,SubDD_REQ_293,Default_SrcDoc
Default_Source_Document,SubDD_REQ_294,Default_SrcDoc
Default_Source_Document,SubDD_REQ_295,Default_SrcDoc
Default_Source_Document,SubDD_REQ_296,Default_SrcDoc
Default_Source_Document,SubDD_REQ_297,Default_SrcDoc
Default_Source_Document,SubDD_REQ_298,Default_SrcDoc
Default_Source_Document,SubDD_REQ_299,Default_SrcDoc
Default_Source_Document,SubDD_REQ_300,Default_SrcDoc
Default_Source_Document,SubDD_REQ_301,Default_SrcDoc
Default_Source_Document,SubDD_REQ_302,Default_SrcDoc
Default_Source_Document,SubDD_REQ_303,Default_SrcDoc
Default_Source_Document,SubDD_REQ_304,Default_SrcDoc
Default_Source_Document,SubDD_REQ_305,Default_SrcDoc
Default_Source_Document,SubDD_REQ_306,Default_SrcDoc
Default_Source_Document,SubDD_REQ_307,Default_SrcDoc
Default_Source_Document,SubDD_REQ_308,Default_SrcDoc
Default_Source_Document,SubDD_REQ_309,Default_SrcDoc
Default_Source_Document,SubDD_REQ_310,Default_SrcDoc
Default_Source_Document,SubDD_REQ_311,Default_SrcDoc
Default_Source_Document,SubDD_REQ_312,Default_SrcDoc
Default_Source_Document,SubDD_REQ_313,Default_SrcDoc
Default_Source_Document,SubDD_REQ_314,Default_SrcDoc
Default_Source_Document,SubDD_REQ_315,Default_SrcDoc
Default_Source_Document,SubDD_REQ_316,Default_SrcDoc
Default_Source_Document,SubDD_REQ_317,Default_SrcDoc
Default_Source_Document,SubDD_REQ_318,Default_SrcDoc
Default_Source_Document,SubDD_REQ_319,Default_SrcDoc
Default_Source_Document,SubDD_REQ_320,Default_SrcDoc
Default_Source_Document,SubDD_REQ_321,Default_SrcDoc
Default_Source_Document,SubDD_REQ_322,Default_SrcDoc
Default_Source_Document,SubDD_REQ_323,Default_SrcDoc
Default_Source_Document,SubDD_REQ_324,Default_SrcDoc
Default_Source_Document,SubDD_REQ_325,Default_SrcDoc
Default_Source_Document,SubDD_REQ_326,Default_SrcDoc
Default_Source_Document,SubDD_REQ_327,Default_SrcDoc
Default_Source_Document,SubDD_REQ_328,Default_SrcDoc
Default_Source_Document,SubDD_REQ_329,Default_SrcDoc
Default_Source_Document,SubDD_REQ_330,Default_SrcDoc
Default_Source_Document,SubDD_REQ_331,Default_SrcDoc
Default_Source_Document,SubDD_REQ_332,Default_SrcDoc
Default_Source_Document,SubDD_REQ_333,Default_SrcDoc
Default_Source_Document,SubDD_REQ_334,Default_SrcDoc
Default_Source_Document,SubDD_REQ_335,Default_SrcDoc
Default_Source_Document,SubDD_REQ_336,Default_SrcDoc
Default_Source_Document,SubDD_REQ_337,Default_SrcDoc
Default_Source_Document,SubDD_REQ_338,Default_SrcDoc
Default_Source_Document,SubDD_REQ_339,Default_SrcDoc
Default_Source_Document,SubDD_REQ_340,Default_SrcDoc
Default_Source_Document,SubDD_REQ_341,Default_SrcDoc
Default_Source_Document,SubDD_REQ_342,Default_SrcDoc
Default_Source_Document,SubDD_REQ_343,Default_SrcDoc
Default_Source_Document,SubDD_REQ_344,Default_SrcDoc
Default_Source_Document,SubDD_REQ_345,Default_SrcDoc
Default_Source_Document,SubDD_REQ_346,Default_SrcDoc
Default_Source_Document,SubDD_REQ_347,Default_SrcDoc
Default_Source_Document,SubDD_REQ_348,Default_SrcDoc
Default_Source_Document,SubDD_REQ_349,Default_SrcDoc
Default_Source_Document,SubDD_REQ_350,Default_SrcDoc
Default_Source_Document,SubDD_REQ_351,Default_SrcDoc
Default_Source_Document,SubDD_REQ_352,Default_SrcDoc
Default_Source_Document,SubDD_REQ_353,Default_SrcDoc
Default_Source_Document,SubDD_REQ_354,Default_SrcDoc
Default_Source_Document,SubDD_REQ_355,Default_SrcDoc
Default_Source_Document,SubDD_REQ_356,Default_SrcDoc
Default_Source_Document,SubDD_REQ_357,Default_SrcDoc
Default_Source_Document,SubDD_REQ_358,Default_SrcDoc
Default_Source_Document,SubDD_REQ_359,Default_SrcDoc
Default_Source_Document,SubDD_REQ_360,Default_SrcDoc
Default_Source_Document,SubDD_REQ_361,Default_SrcDoc
Default_Source_Document,SubDD_REQ_362,Default_SrcDoc
Default_Source_Document,SubDD_REQ_363,Default_SrcDoc
Default_Source_Document,SubDD_REQ_364,Default_SrcDoc
Default_Source_Document,SubDD_REQ_365,Default_SrcDoc
Default_Source_Document,SubDD_REQ_366,Default_SrcDoc
Default_Source_Document,SubDD_REQ_367,Default_SrcDoc
Default_Source_Document,SubDD_REQ_368,Default_SrcDoc
Default_Source_Document,SubDD_REQ_369,Default_SrcDoc
Default_Source_Document,SubDD_REQ_370,Default_SrcDoc
Default_Source_Document,SubDD_REQ_371,Default_SrcDoc
Default_Source_Document,SubDD_REQ_372,Default_SrcDoc
Default_Source_Document,SubDD_REQ_373,Default_SrcDoc
Default_Source_Document,SubDD_REQ_374,Default_SrcDoc
Default_Source_Document,SubDD_REQ_375,Default_SrcDoc
Default_Source_Document,SubDD_REQ_376,Default_SrcDoc
Default_Source_Document,SubDD_REQ_377,Default_SrcDoc
Default_Source_Document,SubDD_REQ_378,Default_SrcDoc
Default_Source_Document,SubDD_REQ_379,Default_SrcDoc
Default_Source_Document,SubDD_REQ_380,Default_SrcDoc
Default_Source_Document,SubDD_REQ_381,Default_SrcDoc
Default_Source_Document,SubDD_REQ_382,Default_SrcDoc
Default_Source_Document,SubDD_REQ_383,Default_SrcDoc
Default_Source_Document,SubDD_REQ_384,Default_SrcDoc
Default_Source_Document,SubDD_REQ_385,Default_SrcDoc
Default_Source_Document,SubDD_REQ_386,Default_SrcDoc
Default_Source_Document,SubDD_REQ_387,Default_SrcDoc
Default_Source_Document,SubDD_REQ_388,Default_SrcDoc
Default_Source_Document,SubDD_REQ_389,Default_SrcDoc
Default_Source_Document,SubDD_REQ_390,Default_SrcDoc
Default_Source_Document,SubDD_REQ_391,Default_SrcDoc
Default_Source_Document,SubDD_REQ_392,Default_SrcDoc
Default_Source_Document,SubDD_REQ_393,Default_SrcDoc
Default_Source_Document,SubDD_REQ_394,Default_SrcDoc
Default_Source_Document,SubDD_REQ_395,Default_SrcDoc
Default_Source_Document,SubDD_REQ_396,Default_SrcDoc
Default_Source_Document,SubDD_REQ_397,Default_SrcDoc
Default_Source_Document,SubDD_REQ_398,Default_SrcDoc
Default_Source_Document,SubDD_REQ_399,Default_SrcDoc
Default_Source_Document,SubDD_REQ_400,Default_SrcDoc
Default_Source_Document,SubDD_REQ_401,Default_SrcDoc
Default_Source_Document,SubDD_REQ_402,Default_SrcDoc
Default_Source_Document,SubDD_REQ_403,Default_SrcDoc
Default_Source_Document,SubDD_REQ_404,Default_SrcDoc
Default_Source_Document,SubDD_REQ_405,Default_SrcDoc
Default_Source_Document,SubDD_REQ_406,Default_SrcDoc
Default_Source_Document,SubDD_REQ_407,Default_SrcDoc
Default_Source_Document,SubDD_REQ_408,Default_SrcDoc
Default_Source_Document,SubDD_REQ_409,Default_SrcDoc
Default_Source_Document,SubDD_REQ_410,Default_SrcDoc
Default_Source_Document,SubDD_REQ_411,Default_SrcDoc
Default_Source_Document,SubDD_REQ_412,Default_SrcDoc
Default_Source_Document,SubDD_REQ_413,Default_SrcDoc
Default_Source_Document,SubDD_REQ_414,Default_SrcDoc
Default_Source_Document,SubDD_REQ_415,Default_SrcDoc
Default_Source_Document,SubDD_REQ_416,Default_SrcDoc
Default_Source_Document,SubDD_REQ_417,Default_SrcDoc
Default_Source_Document,SubDD_REQ_418,Default_SrcDoc
Default_Source_Document,SubDD_REQ_419,Default_SrcDoc
Default_Source_Document,SubDD_REQ_420,Default_SrcDoc
Default_Source_Document,SubDD_REQ_421,Default_SrcDoc
Default_Source_Document,SubDD_REQ_422,Default_SrcDoc
Default_Source_Document,SubDD_REQ_423,Default_SrcDoc
Default_Source_Document,SubDD_REQ_424,Default_SrcDoc
Default_Source_Document,SubDD_REQ_425,Default_SrcDoc
Default_Source_Document,SubDD_REQ_426,Default_SrcDoc
Default_Source_Document,SubDD_REQ_427,Default_SrcDoc
Default_Source_Document,SubDD_REQ_428,Default_SrcDoc
Default_Source_Document,SubDD_REQ_429,Default_SrcDoc
Default_Source_Document,SubDD_REQ_430,Default_SrcDoc
Default_Source_Document,SubDD_REQ_431,Default_SrcDoc
Default_Source_Document,SubDD_REQ_432,Default_SrcDoc
Default_Source_Document,SubDD_REQ_433,Default_SrcDoc
Default_Source_Document,SubDD_REQ_434,Default_SrcDoc
Default_Source_Document,SubDD_REQ_435,Default_SrcDoc
Default_Source_Document,SubDD_REQ_436,Default_SrcDoc
Default_Source_Document,SubDD_REQ_437,Default_SrcDoc
Default_Source_Document,SubDD_REQ_438,Default_SrcDoc
Default_Source_Document,SubDD_REQ_439,Default_SrcDoc
Default_Source_Document,SubDD_REQ_440,Default_SrcDoc
Default_Source_Document,SubDD_REQ_441,Default_SrcDoc
Default_Source_Document,SubDD_REQ_442,Default_SrcDoc
Default_Source_Document,SubDD_REQ_443,Default_SrcDoc
Default_Source_Document,SubDD_REQ_444,Default_SrcDoc
Default_Source_Document,SubDD_REQ_445,Default_SrcDoc
Default_Source_Document,SubDD_REQ_446,Default_SrcDoc
Default_Source_Document,SubDD_REQ_447,Default_SrcDoc
Default_Source_Document,SubDD_REQ_448,Default_SrcDoc
Default_Source_Document,SubDD_REQ_449,Default_SrcDoc
Default_Source_Document,SubDD_REQ_450,Default_SrcDoc
Default_Source_Document,SubDD_REQ_451,Default_SrcDoc
Default_Source_Document,SubDD_REQ_452,Default_SrcDoc
Default_Source_Document,SubDD_REQ_453,Default_SrcDoc
Default_Source_Document,SubDD_REQ_454,Default_SrcDoc
Default_Source_Document,SubDD_REQ_455,Default_SrcDoc
Default_Source_Document,SubDD_REQ_456,Default_SrcDoc
Default_Source_Document,SubDD_REQ_457,Default_SrcDoc
Default_Source_Document,SubDD_REQ_458,Default_SrcDoc
Default_Source_Document,SubDD_REQ_459,Default_SrcDoc
Default_Source_Document,SubDD_REQ_460,Default_SrcDoc
Default_Source_Document,SubDD_REQ_461,Default_SrcDoc
Default_Source_Document,SubDD_REQ_462,Default_SrcDoc
Default_Source_Document,SubDD_REQ_463,Default_SrcDoc
Default_Source_Document,SubDD_REQ_464,Default_SrcDoc
Default_Source_Document,SubDD_REQ_465,Default_SrcDoc
Default_Source_Document,SubDD_REQ_466,Default_SrcDoc
Default_Source_Document,SubDD_REQ_467,Default_SrcDoc
Default_Source_Document,SubDD_REQ_468,Default_SrcDoc
Default_Source_Document,SubDD_REQ_469,Default_SrcDoc
Default_Source_Document,SubDD_REQ_470,Default_SrcDoc
Default_Source_Document,SubDD_REQ_471,Default_SrcDoc
Default_Source_Document,SubDD_REQ_472,Default_SrcDoc
Default_Source_Document,SubDD_REQ_473,Default_SrcDoc
Default_Source_Document,SubDD_REQ_474,Default_SrcDoc
Default_Source_Document,SubDD_REQ_475,Default_SrcDoc
Default_Source_Document,SubDD_REQ_476,Default_SrcDoc
Default_Source_Document,SubDD_REQ_477,Default_SrcDoc
Default_Source_Document,SubDD_REQ_478,Default_SrcDoc
Default_Source_Document,SubDD_REQ_479,Default_SrcDoc
Default_Source_Document,SubDD_REQ_480,Default_SrcDoc
Default_Source_Document,SubDD_REQ_481,Default_SrcDoc
Default_Source_Document,SubDD_REQ_482,Default_SrcDoc
Default_Source_Document,SubDD_REQ_483,Default_SrcDoc
Default_Source_Document,SubDD_REQ_484,Default_SrcDoc
Default_Source_Document,SubDD_REQ_485,Default_SrcDoc
Default_Source_Document,SubDD_REQ_486,Default_SrcDoc
Default_Source_Document,SubDD_REQ_487,Default_SrcDoc
Default_Source_Document,SubDD_REQ_488,Default_SrcDoc
Default_Source_Document,SubDD_REQ_489,Default_SrcDoc
Default_Source_Document,SubDD_REQ_490,Default_SrcDoc
Default_Source_Document,SubDD_REQ_491,Default_SrcDoc
Default_Source_Document,SubDD_REQ_492,Default_SrcDoc
Default_Source_Document,SubDD_REQ_493,Default_SrcDoc
Default_Source_Document,SubDD_REQ_494,Default_SrcDoc
Default_Source_Document,SubDD_REQ_495,Default_SrcDoc
Default_Source_Document,SubDD_REQ_496,Default_SrcDoc
Default_Source_Document,SubDD_REQ_497,Default_SrcDoc
Default_Source_Document,SubDD_REQ_498,Default_SrcDoc
Default_Source_Document,SubDD_REQ_499,Default_SrcDoc
Default_Source_Document,SubDD_REQ_500,Default_SrcDoc
Default_Source_Document,SubDD_REQ_501,Default_SrcDoc
Default_Source_Document,SubDD_REQ_502,Default_SrcDoc
Default_Source_Document,SubDD_REQ_503,Default_SrcDoc
Default_Source_Document,SubDD_REQ_504,Default_SrcDoc
Default_Source_Document,SubDD_REQ_505,Default_SrcDoc
Default_Source_Document,SubDD_REQ_506,Default_SrcDoc
Default_Source_Document,SubDD_REQ_507,Default_SrcDoc
Default_Source_Document,SubDD_REQ_508,Default_SrcDoc
Default_Source_Document,SubDD_REQ_509,Default_SrcDoc
Default_Source_Document,SubDD_REQ_510,Default_SrcDoc
Default_Source_Document,SubDD_REQ_511,Default_SrcDoc
Default_Source_Document,SubDD_REQ_512,Default_SrcDoc
Default_Source_Document,SubDD_REQ_513,Default_SrcDoc
Default_Source_Document,SubDD_REQ_514,Default_SrcDoc
Default_Source_Document,SubDD_REQ_515,Default_SrcDoc
Default_Source_Document,SubDD_REQ_516,Default_SrcDoc
Default_Source_Document,SubDD_REQ_517,Default_SrcDoc
Default_Source_Document,SubDD_REQ_518,Default_SrcDoc
Default_Source_Document,SubDD_REQ_519,Default_SrcDoc
Default_Source_Document,SubDD_REQ_520,Default_SrcDoc
Default_Source_Document,SubDD_REQ_521,Default_SrcDoc
Default_Source_Document,SubDD_REQ_522,Default_SrcDoc
Default_Source_Document,SubDD_REQ_523,Default_SrcDoc
Default_Source_Document,SubDD_REQ_524,Default_SrcDoc
Default_Source_Document,SubDD_REQ_525,Default_SrcDoc
Default_Source_Document,SubDD_REQ_526,Default_SrcDoc
Default_Source_Document,SubDD_REQ_527,Default_SrcDoc
Default_Source_Document,SubDD_REQ_528,Default_SrcDoc
Default_Source_Document,SubDD_REQ_529,Default_SrcDoc
Default_Source_Document,SubDD_REQ_530,Default_SrcDoc
Default_Source_Document,SubDD_REQ_531,Default_SrcDoc
Default_Source_Document,SubDD_REQ_532,Default_SrcDoc
Default_Source_Document,SubDD_REQ_533,Default_SrcDoc
Default_Source_Document,SubDD_REQ_534,Default_SrcDoc
Default_Source_Document,SubDD_REQ_535,Default_SrcDoc
Default_Source_Document,SubDD_REQ_536,Default_SrcDoc
Default_Source_Document,SubDD_REQ_537,Default_SrcDoc
Default_Source_Document,SubDD_REQ_538,Default_SrcDoc
Default_Source_Document,SubDD_REQ_539,Default_SrcDoc
Default_Source_Document,SubDD_REQ_540,Default_SrcDoc
Default_Source_Document,SubDD_REQ_541,Default_SrcDoc
Default_Source_Document,SubDD_REQ_542,Default_SrcDoc
Default_Source_Document,SubDD_REQ_543,Default_SrcDoc
Default_Source_Document,SubDD_REQ_544,Default_SrcDoc
Default_Source_Document,SubDD_REQ_545,Default_SrcDoc
Default_Source_Document,SubDD_REQ_546,Default_SrcDoc
Default_Source_Document,SubDD_REQ_547,Default_SrcDoc
Default_Source_Document,SubDD_REQ_548,Default_SrcDoc
Default_Source_Document,SubDD_REQ_549,Default_SrcDoc
Default_Source_Document,SubDD_REQ_550,Default_SrcDoc
Default_Source_Document,SubDD_REQ_551,Default_SrcDoc
Default_Source_Document,SubDD_REQ_552,Default_SrcDoc
Default_Source_Document,SubDD_REQ_553,Default_SrcDoc
Default_Source_Document,SubDD_REQ_554,Default_SrcDoc
Default_Source_Document,SubDD_REQ_555,Default_SrcDoc
Default_Source_Document,SubDD_REQ_556,Default_SrcDoc
Default_Source_Document,SubDD_REQ_557,Default_SrcDoc
Default_Source_Document,SubDD_REQ_558,Default_SrcDoc
Default_Source_Document,SubDD_REQ_559,Default_SrcDoc
Default_Source_Document,SubDD_REQ_560,Default_SrcDoc
Default_Source_Document,SubDD_REQ_561,Default_SrcDoc
Default_Source_Document,SubDD_REQ_562,Default_SrcDoc
Default_Source_Document,SubDD_REQ_563,Default_SrcDoc
Default_Source_Document,SubDD_REQ_564,Default_SrcDoc
Default_Source_Document,SubDD_REQ_565,Default_SrcDoc
Default_Source_Document,SubDD_REQ_566,Default_SrcDoc
Default_Source_Document,SubDD_REQ_567,Default_SrcDoc
Default_Source_Document,SubDD_REQ_568,Default_SrcDoc
Default_Source_Document,SubDD_REQ_569,Default_SrcDoc
Default_Source_Document,SubDD_REQ_570,Default_SrcDoc
Default_Source_Document,SubDD_REQ_571,Default_SrcDoc
Default_Source_Document,SubDD_REQ_572,Default_SrcDoc
Default_Source_Document,SubDD_REQ_573,Default_SrcDoc
Default_Source_Document,SubDD_REQ_574,Default_SrcDoc
Default_Source_Document,SubDD_REQ_575,Default_SrcDoc
Default_Source_Document,SubDD_REQ_576,Default_SrcDoc
Default_Source_Document,SubDD_REQ_577,Default_SrcDoc
Default_Source_Document,SubDD_REQ_578,Default_SrcDoc
Default_Source_Document,SubDD_REQ_579,Default_SrcDoc
Default_Source_Document,SubDD_REQ_580,Default_SrcDoc
Default_Source_Document,SubDD_REQ_581,Default_SrcDoc
Default_Source_Document,SubDD_REQ_582,Default_SrcDoc
Default_Source_Document,SubDD_REQ_583,Default_SrcDoc
Default_Source_Document,SubDD_REQ_584,Default_SrcDoc
Default_Source_Document,SubDD_REQ_585,Default_SrcDoc
Default_Source_Document,SubDD_REQ_586,Default_SrcDoc
Default_Source_Document,SubDD_REQ_587,Default_SrcDoc
Default_Source_Document,SubDD_REQ_588,Default_SrcDoc
Default_Source_Document,SubDD_REQ_589,Default_SrcDoc
Default_Source_Document,SubDD_REQ_590,Default_SrcDoc
Default_Source_Document,SubDD_REQ_591,Default_SrcDoc
Default_Source_Document,SubDD_REQ_592,Default_SrcDoc
Default_Source_Document,SubDD_REQ_593,Default_SrcDoc
Default_Source_Document,SubDD_REQ_594,Default_SrcDoc
Default_Source_Document,SubDD_REQ_595,Default_SrcDoc
Default_Source_Document,SubDD_REQ_596,Default_SrcDoc
Default_Source_Document,SubDD_REQ_597,Default_SrcDoc
Default_Source_Document,SubDD_REQ_598,Default_SrcDoc
Default_Source_Document,SubDD_REQ_599,Default_SrcDoc
Default_Source_Document,SubDD_REQ_600,Default_SrcDoc
Default_Source_Document,SubDD_REQ_601,Default_SrcDoc
Default_Source_Document,SubDD_REQ_602,Default_SrcDoc
Default_Source_Document,SubDD_REQ_603,Default_SrcDoc
Default_Source_Document,SubDD_REQ_604,Default_SrcDoc
Default_Source_Document,SubDD_REQ_605,Default_SrcDoc
Default_Source_Document,SubDD_REQ_606,Default_SrcDoc
Default_Source_Document,SubDD_REQ_607,Default_SrcDoc
Default_Source_Document,SubDD_REQ_608,Default_SrcDoc
Default_Source_Document,SubDD_REQ_609,Default_SrcDoc
Default_Source_Document,SubDD_REQ_610,Default_SrcDoc
Default_Source_Document,SubDD_REQ_611,Default_SrcDoc
Default_Source_Document,SubDD_REQ_612,Default_SrcDoc
Default_Source_Document,SubDD_REQ_613,Default_SrcDoc
Default_Source_Document,SubDD_REQ_614,Default_SrcDoc
Default_Source_Document,SubDD_REQ_615,Default_SrcDoc
Default_Source_Document,SubDD_REQ_616,Default_SrcDoc
Default_Source_Document,SubDD_REQ_617,Default_SrcDoc
Default_Source_Document,SubDD_REQ_618,Default_SrcDoc
Default_Source_Document,SubDD_REQ_619,Default_SrcDoc
Default_Source_Document,SubDD_REQ_620,Default_SrcDoc
Default_Source_Document,SubDD_REQ_621,Default_SrcDoc
Default_Source_Document,SubDD_REQ_622,Default_SrcDoc
Default_Source_Document,SubDD_REQ_623,Default_SrcDoc
Default_Source_Document,SubDD_REQ_624,Default_SrcDoc
Default_Source_Document,SubDD_REQ_625,Default_SrcDoc
Default_Source_Document,SubDD_REQ_626,Default_SrcDoc
Default_Source_Document,SubDD_REQ_627,Default_SrcDoc
Default_Source_Document,SubDD_REQ_628,Default_SrcDoc
Default_Source_Document,SubDD_REQ_629,Default_SrcDoc
Default_Source_Document,SubDD_REQ_630,Default_SrcDoc
Default_Source_Document,SubDD_REQ_631,Default_SrcDoc
Default_Source_Document,SubDD_REQ_632,Default_SrcDoc
Default_Source_Document,SubDD_REQ_633,Default_SrcDoc
Default_Source_Document,SubDD_REQ_634,Default_SrcDoc
Default_Source_Document,SubDD_REQ_635,Default_SrcDoc
Default_Source_Document,SubDD_REQ_636,Default_SrcDoc
Default_Source_Document,SubDD_REQ_637,Default_SrcDoc
Default_Source_Document,SubDD_REQ_638,Default_SrcDoc
Default_Source_Document,SubDD_REQ_639,Default_SrcDoc
Default_Source_Document,SubDD_REQ_640,Default_SrcDoc
Default_Source_Document,SubDD_REQ_641,Default_SrcDoc
Default_Source_Document,SubDD_REQ_642,Default_SrcDoc
Default_Source_Document,SubDD_REQ_643,Default_SrcDoc
Default_Source_Document,SubDD_REQ_644,Default_SrcDoc
Default_Source_Document,SubDD_REQ_645,Default_SrcDoc
Default_Source_Document,SubDD_REQ_646,Default_SrcDoc
Default_Source_Document,SubDD_REQ_647,Default_SrcDoc
Default_Source_Document,SubDD_REQ_648,Default_SrcDoc
Default_Source_Document,SubDD_REQ_649,Default_SrcDoc
Default_Source_Document,SubDD_REQ_650,Default_SrcDoc
Default_Source_Document,SubDD_REQ_651,Default_SrcDoc
Default_Source_Document,SubDD_REQ_652,Default_SrcDoc
Default_Source_Document,SubDD_REQ_653,Default_SrcDoc
Default_Source_Document,SubDD_REQ_654,Default_SrcDoc
Default_Source_Document,SubDD_REQ_655,Default_SrcDoc
Default_Source_Document,SubDD_REQ_656,Default_SrcDoc
Default_Source_Document,SubDD_REQ_657,Default_SrcDoc
Default_Source_Document,SubDD_REQ_658,Default_SrcDoc
Default_Source_Document,SubDD_REQ_659,Default_SrcDoc
Default_Source_Document,SubDD_REQ_660,Default_SrcDoc
Default_Source_Document,SubDD_REQ_661,Default_SrcDoc
Default_Source_Document,SubDD_REQ_662,Default_SrcDoc
Default_Source_Document,SubDD_REQ_663,Default_SrcDoc
Default_Source_Document,SubDD_REQ_664,Default_SrcDoc
Default_Source_Document,SubDD_REQ_665,Default_SrcDoc
Default_Source_Document,SubDD_REQ_666,Default_SrcDoc
Default_Source_Document,SubDD_REQ_667,Default_SrcDoc
Default_Source_Document,SubDD_REQ_668,Default_SrcDoc
Default_Source_Document,SubDD_REQ_669,Default_SrcDoc
Default_Source_Document,SubDD_REQ_670,Default_SrcDoc
Default_Source_Document,SubDD_REQ_671,Default_SrcDoc
Default_Source_Document,SubDD_REQ_672,Default_SrcDoc
Default_Source_Document,SubDD_REQ_673,Default_SrcDoc
Default_Source_Document,SubDD_REQ_674,Default_SrcDoc
Default_Source_Document,SubDD_REQ_675,Default_SrcDoc
Default_Source_Document,SubDD_REQ_676,Default_SrcDoc
Default_Source_Document,SubDD_REQ_677,Default_SrcDoc
Default_Source_Document,SubDD_REQ_678,Default_SrcDoc
Default_Source_Document,SubDD_REQ_679,Default_SrcDoc
Default_Source_Document,SubDD_REQ_680,Default_SrcDoc
Default_Source_Document,SubDD_REQ_681,Default_SrcDoc
Default_Source_Document,SubDD_REQ_682,Default_SrcDoc
Default_Source_Document,SubDD_REQ_683,Default_SrcDoc
Default_Source_Document,SubDD_REQ_684,Default_SrcDoc
Default_Source_Document,SubDD_REQ_685,Default_SrcDoc
Default_Source_Document,SubDD_REQ_686,Default_SrcDoc
Default_Source_Document,SubDD_REQ_687,Default_SrcDoc
Default_Source_Document,SubDD_REQ_688,Default_SrcDoc
Default_Source_Document,SubDD_REQ_689,Default_SrcDoc
Default_Source_Document,SubDD_REQ_690,Default_SrcDoc
Default_Source_Document,SubDD_REQ_691,Default_SrcDoc
Default_Source_Document,SubDD_REQ_692,Default_SrcDoc
Default_Source_Document,SubDD_REQ_693,Default_SrcDoc
Default_Source_Document,SubDD_REQ_694,Default_SrcDoc
Default_Source_Document,SubDD_REQ_695,Default_SrcDoc
Default_Source_Document,SubDD_REQ_696,Default_SrcDoc
Default_Source_Document,SubDD_REQ_697,Default_SrcDoc
Default_Source_Document,SubDD_REQ_698,Default_SrcDoc
Default_Source_Document,SubDD_REQ_699,Default_SrcDoc
Default_Source_Document,SubDD_REQ_700,Default_SrcDoc
Default_Source_Document,SubDD_REQ_701,Default_SrcDoc
Default_Source_Document,SubDD_REQ_702,Default_SrcDoc
Default_Source_Document,SubDD_REQ_703,Default_SrcDoc
Default_Source_Document,SubDD_REQ_704,Default_SrcDoc
Default_Source_Document,SubDD_REQ_705,Default_SrcDoc
Default_Source_Document,SubDD_REQ_706,Default_SrcDoc
Default_Source_Document,SubDD_REQ_707,Default_SrcDoc
Default_Source_Document,SubDD_REQ_708,Default_SrcDoc
Default_Source_Document,SubDD_REQ_709,Default_SrcDoc
Default_Source_Document,SubDD_REQ_710,Default_SrcDoc
Default_Source_Document,SubDD_REQ_711,Default_SrcDoc
Default_Source_Document,SubDD_REQ_712,Default_SrcDoc
Default_Source_Document,SubDD_REQ_713,Default_SrcDoc
Default_Source_Document,SubDD_REQ_714,Default_SrcDoc
Default_Source_Document,SubDD_REQ_715,Default_SrcDoc
Default_Source_Document,SubDD_REQ_716,Default_SrcDoc
Default_Source_Document,SubDD_REQ_717,Default_SrcDoc
Default_Source_Document,SubDD_REQ_718,Default_SrcDoc
Default_Source_Document,SubDD_REQ_719,Default_SrcDoc
Default_Source_Document,SubDD_REQ_720,Default_SrcDoc
Default_Source_Document,SubDD_REQ_721,Default_SrcDoc
Default_Source_Document,SubDD_REQ_722,Default_SrcDoc
Default_Source_Document,SubDD_REQ_723,Default_SrcDoc
Default_Source_Document,SubDD_REQ_724,Default_SrcDoc
Default_Source_Document,SubDD_REQ_725,Default_SrcDoc
Default_Source_Document,SubDD_REQ_726,Default_SrcDoc
Default_Source_Document,SubDD_REQ_727,Default_SrcDoc
Default_Source_Document,SubDD_REQ_728,Default_SrcDoc
Default_Source_Document,SubDD_REQ_729,Default_SrcDoc
Default_Source_Document,SubDD_REQ_730,Default_SrcDoc
Default_Source_Document,SubDD_REQ_731,Default_SrcDoc
Default_Source_Document,SubDD_REQ_732,Default_SrcDoc
Default_Source_Document,SubDD_REQ_733,Default_SrcDoc
Default_Source_Document,SubDD_REQ_734,Default_SrcDoc
Default_Source_Document,SubDD_REQ_735,Default_SrcDoc
Default_Source_Document,SubDD_REQ_736,Default_SrcDoc
Default_Source_Document,SubDD_REQ_737,Default_SrcDoc
Default_Source_Document,SubDD_REQ_738,Default_SrcDoc
Default_Source_Document,SubDD_REQ_739,Default_SrcDoc
Default_Source_Document,SubDD_REQ_740,Default_SrcDoc
Default_Source_Document,SubDD_REQ_741,Default_SrcDoc
Default_Source_Document,SubDD_REQ_742,Default_SrcDoc
Default_Source_Document,SubDD_REQ_743,Default_SrcDoc
Default_Source_Document,SubDD_REQ_744,Default_SrcDoc
Default_Source_Document,SubDD_REQ_745,Default_SrcDoc
Default_Source_Document,SubDD_REQ_746,Default_SrcDoc
Default_Source_Document,SubDD_REQ_747,Default_SrcDoc
Default_Source_Document,SubDD_REQ_748,Default_SrcDoc
Default_Source_Document,SubDD_REQ_749,Default_SrcDoc
Default_Source_Document,SubDD_REQ_750,Default_SrcDoc
Default_Source_Document,SubDD_REQ_751,Default_SrcDoc
Default_Source_Document,SubDD_REQ_752,Default_SrcDoc
Default_Source_Document,SubDD_REQ_753,Default_SrcDoc
Default_Source_Document,SubDD_REQ_754,Default_SrcDoc
Default_Source_Document,SubDD_REQ_755,Default_SrcDoc
Default_Source_Document,SubDD_REQ_756,Default_SrcDoc
Default_Source_Document,SubDD_REQ_757,Default_SrcDoc
Default_Source_Document,SubDD_REQ_758,Default_SrcDoc
Default_Source_Document,SubDD_REQ_759,Default_SrcDoc
Default_Source_Document,SubDD_REQ_760,Default_SrcDoc
Default_Source_Document,SubDD_REQ_761,Default_SrcDoc
Default_Source_Document,SubDD_REQ_762,Default_SrcDoc
Default_Source_Document,SubDD_REQ_763,Default_SrcDoc
Default_Source_Document,SubDD_REQ_764,Default_SrcDoc
Default_Source_Document,SubDD_REQ_765,Default_SrcDoc
Default_Source_Document,SubDD_REQ_766,Default_SrcDoc
Default_Source_Document,SubDD_REQ_767,Default_SrcDoc
Default_Source_Document,SubDD_REQ_768,Default_SrcDoc
Default_Source_Document,SubDD_REQ_769,Default_SrcDoc
Default_Source_Document,SubDD_REQ_770,Default_SrcDoc
Default_Source_Document,SubDD_REQ_771,Default_SrcDoc
Default_Source_Document,SubDD_REQ_772,Default_SrcDoc
Default_Source_Document,SubDD_REQ_773,Default_SrcDoc
Default_Source_Document,SubDD_REQ_774,Default_SrcDoc
Default_Source_Document,SubDD_REQ_775,Default_SrcDoc
Default_Source_Document,SubDD_REQ_776,Default_SrcDoc
Default_Source_Document,SubDD_REQ_777,Default_SrcDoc
Default_Source_Document,SubDD_REQ_778,Default_SrcDoc
Default_Source_Document,SubDD_REQ_779,Default_SrcDoc
Default_Source_Document,SubDD_REQ_780,Default_SrcDoc
Default_Source_Document,SubDD_REQ_781,Default_SrcDoc
Default_Source_Document,SubDD_REQ_782,Default_SrcDoc
Default_Source_Document,SubDD_REQ_783,Default_SrcDoc
Default_Source_Document,SubDD_REQ_784,Default_SrcDoc
Default_Source_Document,SubDD_REQ_785,Default_SrcDoc
Default_Source_Document,SubDD_REQ_786,Default_SrcDoc
Default_Source_Document,SubDD_REQ_787,Default_SrcDoc
Default_Source_Document,SubDD_REQ_788,Default_SrcDoc
Default_Source_Document,SubDD_REQ_789,Default_SrcDoc
Default_Source_Document,SubDD_REQ_790,Default_SrcDoc
Default_Source_Document,SubDD_REQ_791,Default_SrcDoc
Default_Source_Document,SubDD_REQ_792,Default_SrcDoc
Default_Source_Document,SubDD_REQ_793,Default_SrcDoc
Default_Source_Document,SubDD_REQ_794,Default_SrcDoc
Default_Source_Document,SubDD_REQ_795,Default_SrcDoc
Default_Source_Document,SubDD_REQ_796,Default_SrcDoc
Default_Source_Document,SubDD_REQ_797,Default_SrcDoc
Default_Source_Document,SubDD_REQ_798,Default_SrcDoc
Default_Source_Document,SubDD_REQ_799,Default_SrcDoc
Default_Source_Document,SubDD_REQ_800,Default_SrcDoc
Default_Source_Document,SubDD_REQ_801,Default_SrcDoc
Default_Source_Document,SubDD_REQ_802,Default_SrcDoc
Default_Source_Document,SubDD_REQ_803,Default_SrcDoc
Default_Source_Document,SubDD_REQ_804,Default_SrcDoc
Default_Source_Document,SubDD_REQ_805,Default_SrcDoc
Default_Source_Document,SubDD_REQ_806,Default_SrcDoc
Default_Source_Document,SubDD_REQ_807,Default_SrcDoc
Default_Source_Document,SubDD_REQ_808,Default_SrcDoc
Default_Source_Document,SubDD_REQ_809,Default_SrcDoc
Default_Source_Document,SubDD_REQ_810,Default_SrcDoc
Default_Source_Document,SubDD_REQ_811,Default_SrcDoc
Default_Source_Document,SubDD_REQ_812,Default_SrcDoc
Default_Source_Document,SubDD_REQ_813,Default_SrcDoc
Default_Source_Document,SubDD_REQ_814,Default_SrcDoc
Default_Source_Document,SubDD_REQ_815,Default_SrcDoc
Default_Source_Document,SubDD_REQ_816,Default_SrcDoc
Default_Source_Document,SubDD_REQ_817,Default_SrcDoc
Default_Source_Document,SubDD_REQ_818,Default_SrcDoc
Default_Source_Document,SubDD_REQ_819,Default_SrcDoc
Default_Source_Document,SubDD_REQ_820,Default_SrcDoc
Default_Source_Document,SubDD_REQ_821,Default_SrcDoc
Default_Source_Document,SubDD_REQ_822,Default_SrcDoc
Default_Source_Document,SubDD_REQ_823,Default_SrcDoc
Default_Source_Document,SubDD_REQ_824,Default_SrcDoc
Default_Source_Document,SubDD_REQ_825,Default_SrcDoc
Default_Source_Document,SubDD_REQ_826,Default_SrcDoc
Default_Source_Document,SubDD_REQ_827,Default_SrcDoc
Default_Source_Document,SubDD_REQ_828,Default_SrcDoc
Default_Source_Document,SubDD_REQ_829,Default_SrcDoc
Default_Source_Document,SubDD_REQ_830,Default_SrcDoc
Default_Source_Document,SubDD_REQ_831,Default_SrcDoc
Default_Source_Document,SubDD_REQ_832,Default_SrcDoc
Default_Source_Document,SubDD_REQ_833,Default_SrcDoc
Default_Source_Document,SubDD_REQ_834,Default_SrcDoc
Default_Source_Document,SubDD_REQ_835,Default_SrcDoc
Default_Source_Document,SubDD_REQ_836,Default_SrcDoc
Default_Source_Document,SubDD_REQ_837,Default_SrcDoc
Default_Source_Document,SubDD_REQ_838,Default_SrcDoc
Default_Source_Document,SubDD_REQ_839,Default_SrcDoc
Default_Source_Document,SubDD_REQ_840,Default_SrcDoc
Default_Source_Document,SubDD_REQ_841,Default_SrcDoc
Default_Source_Document,SubDD_REQ_842,Default_SrcDoc
Default_Source_Document,SubDD_REQ_843,Default_SrcDoc
Default_Source_Document,SubDD_REQ_844,Default_SrcDoc
Default_Source_Document,SubDD_REQ_845,Default_SrcDoc
Default_Source_Document,SubDD_REQ_846,Default_SrcDoc
Default_Source_Document,SubDD_REQ_847,Default_SrcDoc
Default_Source_Document,SubDD_REQ_848,Default_SrcDoc
Default_Source_Document,SubDD_REQ_849,Default_SrcDoc
Default_Source_Document,SubDD_REQ_850,Default_SrcDoc
Default_Source_Document,SubDD_REQ_851,Default_SrcDoc
Default_Source_Document,SubDD_REQ_852,Default_SrcDoc
Default_Source_Document,SubDD_REQ_853,Default_SrcDoc
Default_Source_Document,SubDD_REQ_854,Default_SrcDoc
Default_Source_Document,SubDD_REQ_855,Default_SrcDoc
Default_Source_Document,SubDD_REQ_856,Default_SrcDoc
Default_Source_Document,SubDD_REQ_857,Default_SrcDoc
Default_Source_Document,SubDD_REQ_858,Default_SrcDoc
Default_Source_Document,SubDD_REQ_859,Default_SrcDoc
Default_Source_Document,SubDD_REQ_860,Default_SrcDoc
Default_Source_Document,SubDD_REQ_861,Default_SrcDoc
Default_Source_Document,SubDD_REQ_862,Default_SrcDoc
Default_Source_Document,SubDD_REQ_863,Default_SrcDoc
Default_Source_Document,SubDD_REQ_864,Default_SrcDoc
Default_Source_Document,SubDD_REQ_865,Default_SrcDoc
Default_Source_Document,SubDD_REQ_866,Default_SrcDoc
Default_Source_Document,SubDD_REQ_867,Default_SrcDoc
Default_Source_Document,SubDD_REQ_868,Default_SrcDoc
Default_Source_Document,SubDD_REQ_869,Default_SrcDoc
Default_Source_Document,SubDD_REQ_870,Default_SrcDoc
Default_Source_Document,SubDD_REQ_871,Default_SrcDoc
Default_Source_Document,SubDD_REQ_872,Default_SrcDoc
Default_Source_Document,SubDD_REQ_873,Default_SrcDoc
Default_Source_Document,SubDD_REQ_874,Default_SrcDoc
Default_Source_Document,SubDD_REQ_875,Default_SrcDoc
Default_Source_Document,SubDD_REQ_876,Default_SrcDoc
Default_Source_Document,SubDD_REQ_877,Default_SrcDoc
Default_Source_Document,SubDD_REQ_878,Default_SrcDoc
Default_Source_Document,SubDD_REQ_879,Default_SrcDoc
Default_Source_Document,SubDD_REQ_880,Default_SrcDoc
Default_Source_Document,SubDD_REQ_881,Default_SrcDoc
Default_Source_Document,SubDD_REQ_882,Default_SrcDoc
Default_Source_Document,SubDD_REQ_883,Default_SrcDoc
Default_Source_Document,SubDD_REQ_884,Default_SrcDoc
Default_Source_Document,SubDD_REQ_885,Default_SrcDoc
Default_Source_Document,SubDD_REQ_886,Default_SrcDoc
Default_Source_Document,SubDD_REQ_887,Default_SrcDoc
Default_Source_Document,SubDD_REQ_888,Default_SrcDoc
Default_Source_Document,SubDD_REQ_889,Default_SrcDoc
Default_Source_Document,SubDD_REQ_890,Default_SrcDoc
Default_Source_Document,SubDD_REQ_891,Default_SrcDoc
Default_Source_Document,SubDD_REQ_892,Default_SrcDoc
Default_Source_Document,SubDD_REQ_893,Default_SrcDoc
Default_Source_Document,SubDD_REQ_894,Default_SrcDoc
Default_Source_Document,SubDD_REQ_895,Default_SrcDoc
Default_Source_Document,SubDD_REQ_896,Default_SrcDoc
Default_Source_Document,SubDD_REQ_897,Default_SrcDoc
Default_Source_Document,SubDD_REQ_898,Default_SrcDoc
Default_Source_Document,SubDD_REQ_899,Default_SrcDoc
Default_Source_Document,SubDD_REQ_900,Default_SrcDoc
Default_Source_Document,SubDD_REQ_901,Default_SrcDoc
Default_Source_Document,SubDD_REQ_902,Default_SrcDoc
Default_Source_Document,SubDD_REQ_903,Default_SrcDoc
Default_Source_Document,SubDD_REQ_904,Default_SrcDoc
Default_Source_Document,SubDD_REQ_905,Default_SrcDoc
Default_Source_Document,SubDD_REQ_906,Default_SrcDoc
Default_Source_Document,SubDD_REQ_907,Default_SrcDoc
Default_Source_Document,SubDD_REQ_908,Default_SrcDoc
Default_Source_Document,SubDD_REQ_909,Default_SrcDoc
Default_Source_Document,SubDD_REQ_910,Default_SrcDoc
Default_Source_Document,SubDD_REQ_911,Default_SrcDoc
Default_Source_Document,SubDD_REQ_912,Default_SrcDoc
Default_Source_Document,SubDD_REQ_913,Default_SrcDoc
Default_Source_Document,SubDD_REQ_914,Default_SrcDoc
Default_Source_Document,SubDD_REQ_915,Default_SrcDoc
Default_Source_Document,SubDD_REQ_916,Default_SrcDoc
Default_Source_Document,SubDD_REQ_917,Default_SrcDoc
Default_Source_Document,SubDD_REQ_918,Default_SrcDoc
Default_Source_Document,SubDD_REQ_919,Default_SrcDoc
Default_Source_Document,SubDD_REQ_920,Default_SrcDoc
Default_Source_Document,SubDD_REQ_921,Default_SrcDoc
Default_Source_Document,SubDD_REQ_922,Default_SrcDoc
Default_Source_Document,SubDD_REQ_923,Default_SrcDoc
Default_Source_Document,SubDD_REQ_924,Default_SrcDoc
Default_Source_Document,SubDD_REQ_925,Default_SrcDoc
Default_Source_Document,SubDD_REQ_926,Default_SrcDoc
Default_Source_Document,SubDD_REQ_927,Default_SrcDoc
Default_Source_Document,SubDD_REQ_928,Default_SrcDoc
Default_Source_Document,SubDD_REQ_929,Default_SrcDoc
Default_Source_Document,SubDD_REQ_930,Default_SrcDoc
Default_Source_Document,SubDD_REQ_931,Default_SrcDoc
Default_Source_Document,SubDD_REQ_932,Default_SrcDoc
Default_Source_Document,SubDD_REQ_933,Default_SrcDoc
Default_Source_Document,SubDD_REQ_934,Default_SrcDoc
Default_Source_Document,SubDD_REQ_935,Default_SrcDoc
Default_Source_Document,SubDD_REQ_936,Default_SrcDoc
Default_Source_Document,SubDD_REQ_937,Default_SrcDoc
Default_Source_Document,SubDD_REQ_938,Default_SrcDoc
Default_Source_Document,SubDD_REQ_939,Default_SrcDoc
Default_Source_Document,SubDD_REQ_940,Default_SrcDoc
Default_Source_Document,SubDD_REQ_941,Default_SrcDoc
Default_Source_Document,SubDD_REQ_942,Default_SrcDoc
Default_Source_Document,SubDD_REQ_943,Default_SrcDoc
Default_Source_Document,SubDD_REQ_944,Default_SrcDoc
Default_Source_Document,SubDD_REQ_945,Default_SrcDoc
Default_Source_Document,SubDD_REQ_946,Default_SrcDoc
Default_Source_Document,SubDD_REQ_947,Default_SrcDoc
Default_Source_Document,SubDD_REQ_948,Default_SrcDoc
Default_Source_Document,SubDD_REQ_949,Default_SrcDoc
Default_Source_Document,SubDD_REQ_950,Default_SrcDoc
Default_Source_Document,SubDD_REQ_951,Default_SrcDoc
Default_Source_Document,SubDD_REQ_952,Default_SrcDoc
Default_Source_Document,SubDD_REQ_953,Default_SrcDoc
Default_Source_Document,SubDD_REQ_954,Default_SrcDoc
Default_Source_Document,SubDD_REQ_955,Default_SrcDoc
Default_Source_Document,SubDD_REQ_956,Default_SrcDoc
Default_Source_Document,SubDD_REQ_957,Default_SrcDoc
Default_Source_Document,SubDD_REQ_958,Default_SrcDoc
Default_Source_Document,SubDD_REQ_959,Default_SrcDoc
Default_Source_Document,SubDD_REQ_960,Default_SrcDoc
Default_Source_Document,SubDD_REQ_961,Default_SrcDoc
Default_Source_Document,SubDD_REQ_962,Default_SrcDoc
Default_Source_Document,SubDD_REQ_963,Default_SrcDoc
Default_Source_Document,SubDD_REQ_964,Default_SrcDoc
Default_Source_Document,SubDD_REQ_965,Default_SrcDoc
Default_Source_Document,SubDD_REQ_966,Default_SrcDoc
Default_Source_Document,SubDD_REQ_967,Default_SrcDoc
Default_Source_Document,SubDD_REQ_968,Default_SrcDoc
Default_Source_Document,SubDD_REQ_969,Default_SrcDoc
Default_Source_Document,SubDD_REQ_970,Default_SrcDoc
Default_Source_Document,SubDD_REQ_971,Default_SrcDoc
Default_Source_Document,SubDD_REQ_972,Default_SrcDoc
Default_Source_Document,SubDD_REQ_973,Default_SrcDoc
Default_Source_Document,SubDD_REQ_974,Default_SrcDoc
Default_Source_Document,SubDD_REQ_975,Default_SrcDoc
Default_Source_Document,SubDD_REQ_976,Default_SrcDoc
Default_Source_Document,SubDD_REQ_977,Default_SrcDoc
Default_Source_Document,SubDD_REQ_978,Default_SrcDoc
Default_Source_Document,SubDD_REQ_979,Default_SrcDoc
Default_Source_Document,SubDD_REQ_980,Default_SrcDoc
Default_Source_Document,SubDD_REQ_981,Default_SrcDoc
Default_Source_Document,SubDD_REQ_982,Default_SrcDoc
Default_Source_Document,SubDD_REQ_983,Default_SrcDoc
Default_Source_Document,SubDD_REQ_984,Default_SrcDoc
Default_Source_Document,SubDD_REQ_985,Default_SrcDoc
Default_Source_Document,SubDD_REQ_986,Default_SrcDoc
Default_Source_Document,SubDD_REQ_987,Default_SrcDoc
Default_Source_Document,SubDD_REQ_988,Default_SrcDoc
Default_Source_Document,SubDD_REQ_989,Default_SrcDoc
Default_Source_Document,SubDD_REQ_990,Default_SrcDoc
Default_Source_Document,SubDD_REQ_991,Default_SrcDoc
Default_Source_Document,SubDD_REQ_992,Default_SrcDoc
Default_Source_Document,SubDD_REQ_993,Default_SrcDoc
Default_Source_Document,SubDD_REQ_994,Default_SrcDoc
Default_Source_Document,SubDD_REQ_995,Default_SrcDoc
Default_Source_Document,SubDD_REQ_996,Default_SrcDoc
Default_Source_Document,SubDD_REQ_997,Default_SrcDoc
Default_Source_Document,SubDD_REQ_998,Default_SrcDoc
Default_Source_Document,SubDD_REQ_999,Default_SrcDoc
Default_Source_Document,SubDD_REQ_1000,Default_SrcDoc
Default_Source_Document,SubDD_REQ_1001,Default_SrcDoc
Default_Source_Document,SubDD_REQ_1002,Default_SrcDoc
Default_Source_Document,SubDD_REQ_1003,Default_SrcDoc
Default_Source_Document,SubDD_REQ_1004,Default_SrcDoc
Default_Source_Document,SubDD_REQ_1005,Default_SrcDoc
Default_Source_Document,SubDD_REQ_1006,Default_SrcDoc
Default_Source_Document,SubDD_REQ_1007,Default_SrcDoc
Default_Source_Document,SubDD_REQ_1008,Default_SrcDoc
Default_Source_Document,SubDD_REQ_1009,Default_SrcDoc
Default_Source_Document,SubDD_REQ_1010,Default_SrcDoc
Default_Source_Document,SubDD_REQ_1011,Default_SrcDoc
Default_Source_Document,SubDD_REQ_1012,Default_SrcDoc
Default_Source_Document,SubDD_REQ_1013,Default_SrcDoc
Default_Source_Document,SubDD_REQ_1014,Default_SrcDoc
Default_Source_Document,SubDD_REQ_1015,Default_SrcDoc
Default_Source_Document,SubDD_REQ_1016,Default_SrcDoc
Default_Source_Document,SubDD_REQ_1017,Default_SrcDoc
Default_Source_Document,SubDD_REQ_1018,Default_SrcDoc
Default_Source_Document,SubDD_REQ_1019,Default_SrcDoc
Default_Source_Document,SubDD_REQ_1020,Default_SrcDoc
Default_Source_Document,SubDD_REQ_1021,Default_SrcDoc
Default_Source_Document,SubDD_REQ_1022,Default_SrcDoc
Default_Source_Document,SubDD_REQ_1023,Default_SrcDoc
Default_Source_Document,SubDD_REQ_1024,Default_SrcDoc
Default_Source_Document,SubDD_REQ_1025,Default_SrcDoc
Default_Source_Document,SubDD_REQ_1026,Default_SrcDoc
Default_Source_Document,SubDD_REQ_1027,Default_SrcDoc
Default_Source_Document,SubDD_REQ_1028,Default_SrcDoc
Default_Source_Document,SubDD_REQ_1029,Default_SrcDoc
Default_Source_Document,SubDD_REQ_1030,Default_SrcDoc
Default_Source_Document,SubDD_REQ_1031,Default_SrcDoc
Default_Source_Document,SubDD_REQ_1032,Default_SrcDoc
Default_Source_Document,SubDD_REQ_1033,Default_SrcDoc
Default_Source_Document,SubDD_REQ_1034,Default_SrcDoc
Default_Source_Document,SubDD_REQ_1035,Default_SrcDoc
Default_Source_Document,SubDD_REQ_1036,Default_SrcDoc
Default_Source_Document,SubDD_REQ_1037,Default_SrcDoc
Default_Source_Document,SubDD_REQ_1038,Default_SrcDoc
Default_Source_Document,SubDD_REQ_1039,Default_SrcDoc
Default_Source_Document,SubDD_REQ_1040,Default_SrcDoc
Default_Source_Document,SubDD_REQ_1041,Default_SrcDoc
Default_Source_Document,SubDD_REQ_1042,Default_SrcDoc
Default_Source_Document,SubDD_REQ_1043,Default_SrcDoc
Default_Source_Document,SubDD_REQ_1044,Default_SrcDoc
Default_Source_Document,SubDD_REQ_1045,Default_SrcDoc
Default_Source_Document,SubDD_REQ_1046,Default_SrcDoc
Default_Source_Document,SubDD_REQ_1047,Default_SrcDoc
Default_Source_Document,SubDD_REQ_1048,Default_SrcDoc
Default_Source_Document,SubDD_REQ_1049,Default_SrcDoc
Default_Source_Document,SubDD_REQ_1050,Default_SrcDoc
Default_Source_Document,SubDD_REQ_1051,Default_SrcDoc
Default_Source_Document,SubDD_REQ_1052,Default_SrcDoc
Default_Source_Document,SubDD_REQ_1053,Default_SrcDoc
Default_Source_Document,SubDD_REQ_1054,Default_SrcDoc
Default_Source_Document,SubDD_REQ_1055,Default_SrcDoc
Default_Source_Document,SubDD_REQ_1056,Default_SrcDoc
Default_Source_Document,SubDD_REQ_1057,Default_SrcDoc
Default_Source_Document,SubDD_REQ_1058,Default_SrcDoc
Default_Source_Document,SubDD_REQ_1059,Default_SrcDoc
Default_Source_Document,SubDD_REQ_1060,Default_SrcDoc
Default_Source_Document,SubDD_REQ_1061,Default_SrcDoc
Default_Source_Document,SubDD_REQ_1062,Default_SrcDoc
Default_Source_Document,SubDD_REQ_1063,Default_SrcDoc
Default_Source_Document,SubDD_REQ_1064,Default_SrcDoc
Default_Source_Document,SubDD_REQ_1065,Default_SrcDoc
Default_Source_Document,SubDD_REQ_1066,Default_SrcDoc
Default_Source_Document,SubDD_REQ_1067,Default_SrcDoc
Default_Source_Document,SubDD_REQ_1068,Default_SrcDoc
Default_Source_Document,SubDD_REQ_1069,Default_SrcDoc
Default_Source_Document,SubDD_REQ_1070,Default_SrcDoc
Default_Source_Document,SubDD_REQ_1071,Default_SrcDoc
Default_Source_Document,SubDD_REQ_1072,Default_SrcDoc
Default_Source_Document,SubDD_REQ_1073,Default_SrcDoc
Default_Source_Document,SubDD_REQ_1074,Default_SrcDoc
Default_Source_Document,SubDD_REQ_1075,Default_SrcDoc
Default_Source_Document,SubDD_REQ_1076,Default_SrcDoc
Default_Source_Document,SubDD_REQ_1077,Default_SrcDoc
Default_Source_Document,SubDD_REQ_1078,Default_SrcDoc
Default_Source_Document,SubDD_REQ_1079,Default_SrcDoc
Default_Source_Document,SubDD_REQ_1080,Default_SrcDoc
Default_Source_Document,SubDD_REQ_1081,Default_SrcDoc
Default_Source_Document,SubDD_REQ_1082,Default_SrcDoc
Default_Source_Document,SubDD_REQ_1083,Default_SrcDoc
Default_Source_Document,SubDD_REQ_1084,Default_SrcDoc
Default_Source_Document,SubDD_REQ_1085,Default_SrcDoc
Default_Source_Document,SubDD_REQ_1086,Default_SrcDoc
Default_Source_Document,SubDD_REQ_1087,Default_SrcDoc
Default_Source_Document,SubDD_REQ_1088,Default_SrcDoc
Default_Source_Document,SubDD_REQ_1089,Default_SrcDoc
Default_Source_Document,SubDD_REQ_1090,Default_SrcDoc
Default_Source_Document,SubDD_REQ_1091,Default_SrcDoc
Default_Source_Document,SubDD_REQ_1092,Default_SrcDoc
Default_Source_Document,SubDD_REQ_1093,Default_SrcDoc
Default_Source_Document,SubDD_REQ_1094,Default_SrcDoc
Default_Source_Document,SubDD_REQ_1095,Default_SrcDoc
Default_Source_Document,SubDD_REQ_1096,Default_SrcDoc
Default_Source_Document,SubDD_REQ_1097,Default_SrcDoc
Default_Source_Document,SubDD_REQ_1098,Default_SrcDoc
Default_Source_Document,SubDD_REQ_1099,Default_SrcDoc
Default_Source_Document,SubDD_REQ_1100,Default_SrcDoc
Default_Source_Document,SubDD_REQ_1101,Default_SrcDoc
Default_Source_Document,SubDD_REQ_1102,Default_SrcDoc
Default_Source_Document,SubDD_REQ_1103,Default_SrcDoc
Default_Source_Document,SubDD_REQ_1104,Default_SrcDoc
Default_Source_Document,SubDD_REQ_1105,Default_SrcDoc
Default_Source_Document,SubDD_REQ_1106,Default_SrcDoc
Default_Source_Document,SubDD_REQ_1107,Default_SrcDoc
Default_Source_Document,SubDD_REQ_1108,Default_SrcDoc
Default_Source_Document,SubDD_REQ_1109,Default_SrcDoc
Default_Source_Document,SubDD_REQ_1110,Default_SrcDoc
Default_Source_Document,SubDD_REQ_1111,Default_SrcDoc
Default_Source_Document,SubDD_REQ_1112,Default_SrcDoc
Default_Source_Document,SubDD_REQ_1113,Default_SrcDoc
Default_Source_Document,SubDD_REQ_1114,Default_SrcDoc
Default_Source_Document,SubDD_REQ_1115,Default_SrcDoc
Default_Source_Document,SubDD_REQ_1116,Default_SrcDoc
Default_Source_Document,SubDD_REQ_1117,Default_SrcDoc
Default_Source_Document,SubDD_REQ_1118,Default_SrcDoc
Default_Source_Document,SubDD_REQ_1119,Default_SrcDoc
Default_Source_Document,SubDD_REQ_1120,Default_SrcDoc
Default_Source_Document,SubDD_REQ_1121,Default_SrcDoc
Default_Source_Document,SubDD_REQ_1122,Default_SrcDoc
Default_Source_Document,SubDD_REQ_1123,Default_SrcDoc
Default_Source_Document,SubDD_REQ_1124,Default_SrcDoc
Default_Source_Document,SubDD_REQ_1125,Default_SrcDoc
Default_Source_Document,SubDD_REQ_1126,Default_SrcDoc
Default_Source_Document,SubDD_REQ_1127,Default_SrcDoc
Default_Source_Document,SubDD_REQ_1128,Default_SrcDoc
Default_Source_Document,SubDD_REQ_1129,Default_SrcDoc
Default_Source_Document,SubDD_REQ_1130,Default_SrcDoc
Default_Source_Document,SubDD_REQ_1131,Default_SrcDoc
Default_Source_Document,SubDD_REQ_1132,Default_SrcDoc
Default_Source_Document,SubDD_REQ_1133,Default_SrcDoc
Default_Source_Document,SubDD_REQ_1134,Default_SrcDoc
Default_Source_Document,SubDD_REQ_1135,Default_SrcDoc
Default_Source_Document,SubDD_REQ_1136,Default_SrcDoc
Default_Source_Document,SubDD_REQ_1137,Default_SrcDoc
Default_Source_Document,SubDD_REQ_1138,Default_SrcDoc
Default_Source_Document,SubDD_REQ_1139,Default_SrcDoc
Default_Source_Document,SubDD_REQ_1140,Default_SrcDoc
Default_Source_Document,SubDD_REQ_1141,Default_SrcDoc
Default_Source_Document,SubDD_REQ_1142,Default_SrcDoc
Default_Source_Document,SubDD_REQ_1143,Default_SrcDoc
Default_Source_Document,SubDD_REQ_1144,Default_SrcDoc
Default_Source_Document,SubDD_REQ_1145,Default_SrcDoc
Default_Source_Document,SubDD_REQ_1146,Default_SrcDoc
Default_Source_Document,SubDD_REQ_1147,Default_SrcDoc
Default_Source_Document,SubDD_REQ_1148,Default_SrcDoc
Default_Source_Document,SubDD_REQ_1149,Default_SrcDoc
Default_Source_Document,SubDD_REQ_1150,Default_SrcDoc
Default_Source_Document,SubDD_REQ_1151,Default_SrcDoc
Default_Source_Document,SubDD_REQ_1152,Default_SrcDoc
Default_Source_Document,SubDD_REQ_1153,Default_SrcDoc
Default_Source_Document,SubDD_REQ_1154,Default_SrcDoc
Default_Source_Document,SubDD_REQ_1155,Default_SrcDoc
Default_Source_Document,SubDD_REQ_1156,Default_SrcDoc
Default_Source_Document,SubDD_REQ_1157,Default_SrcDoc
Default_Source_Document,SubDD_REQ_1158,Default_SrcDoc
Default_Source_Document,SubDD_REQ_1159,Default_SrcDoc
Default_Source_Document,SubDD_REQ_1160,Default_SrcDoc
Default_Source_Document,SubDD_REQ_1161,Default_SrcDoc
Default_Source_Document,SubDD_REQ_1162,Default_SrcDoc
Default_Source_Document,SubDD_REQ_1163,Default_SrcDoc
Default_Source_Document,SubDD_REQ_1164,Default_SrcDoc
Default_Source_Document,SubDD_REQ_1165,Default_SrcDoc
Default_Source_Document,SubDD_REQ_1166,Default_SrcDoc
Default_Source_Document,SubDD_REQ_1167,Default_SrcDoc
Default_Source_Document,SubDD_REQ_1168,Default_SrcDoc
Default_Source_Document,SubDD_REQ_1169,Default_SrcDoc
Default_Source_Document,SubDD_REQ_1170,Default_SrcDoc
Default_Source_Document,SubDD_REQ_1171,Default_SrcDoc
Default_Source_Document,SubDD_REQ_1172,Default_SrcDoc
Default_Source_Document,SubDD_REQ_1173,Default_SrcDoc
Default_Source_Document,SubDD_REQ_1174,Default_SrcDoc
Default_Source_Document,SubDD_REQ_1175,Default_SrcDoc
Default_Source_Document,SubDD_REQ_1176,Default_SrcDoc
Default_Source_Document,SubDD_REQ_1177,Default_SrcDoc
Default_Source_Document,SubDD_REQ_1178,Default_SrcDoc
Default_Source_Document,SubDD_REQ_1179,Default_SrcDoc
Default_Source_Document,SubDD_REQ_1180,Default_SrcDoc
Default_Source_Document,SubDD_REQ_1181,Default_SrcDoc
Default_Source_Document,SubDD_REQ_1182,Default_SrcDoc
Default_Source_Document,SubDD_REQ_1183,Default_SrcDoc
Default_Source_Document,SubDD_REQ_1184,Default_SrcDoc
Default_Source_Document,SubDD_REQ_1185,Default_SrcDoc
Default_Source_Document,SubDD_REQ_1186,Default_SrcDoc
Default_Source_Document,SubDD_REQ_1187,Default_SrcDoc
Default_Source_Document,SubDD_REQ_1188,Default_SrcDoc
Default_Source_Document,SubDD_REQ_1189,Default_SrcDoc
Default_Source_Document,SubDD_REQ_1190,Default_SrcDoc
Default_Source_Document,SubDD_REQ_1191,Default_SrcDoc
Default_Source_Document,SubDD_REQ_1192,Default_SrcDoc
Default_Source_Document,SubDD_REQ_1193,Default_SrcDoc
Default_Source_Document,SubDD_REQ_1194,Default_SrcDoc
Default_Source_Document,SubDD_REQ_1195,Default_SrcDoc
Default_Source_Document,SubDD_REQ_1196,Default_SrcDoc
Default_Source_Document,SubDD_REQ_1197,Default_SrcDoc
Default_Source_Document,SubDD_REQ_1198,Default_SrcDoc
Default_Source_Document,SubDD_REQ_1199,Default_SrcDoc
Default_Source_Document,SubDD_REQ_1200,Default_SrcDoc
Default_Source_Document,SubDD_REQ_1201,Default_SrcDoc
Default_Source_Document,SubDD_REQ_1202,Default_SrcDoc
Default_Source_Document,SubDD_REQ_1203,Default_SrcDoc
Default_Source_Document,SubDD_REQ_1204,Default_SrcDoc
Default_Source_Document,SubDD_REQ_1205,Default_SrcDoc
Default_Source_Document,SubDD_REQ_1206,Default_SrcDoc
Default_Source_Document,SubDD_REQ_1207,Default_SrcDoc
Default_Source_Document,SubDD_REQ_1208,Default_SrcDoc
Default_Source_Document,SubDD_REQ_1209,Default_SrcDoc
Default_Source_Document,SubDD_REQ_1210,Default_SrcDoc
Default_Source_Document,SubDD_REQ_1211,Default_SrcDoc
Default_Source_Document,SubDD_REQ_1212,Default_SrcDoc
Default_Source_Document,SubDD_REQ_1213,Default_SrcDoc
Default_Source_Document,SubDD_REQ_1214,Default_SrcDoc
Default_Source_Document,SubDD_REQ_1215,Default_SrcDoc
Default_Source_Document,SubDD_REQ_1216,Default_SrcDoc
Default_Source_Document,SubDD_REQ_1217,Default_SrcDoc
Default_Source_Document,SubDD_REQ_1218,Default_SrcDoc
Default_Source_Document,SubDD_REQ_1219,Default_SrcDoc
Default_Source_Document,SubDD_REQ_1220,Default_SrcDoc
Default_Source_Document,SubDD_REQ_1221,Default_SrcDoc
Default_Source_Document,SubDD_REQ_1222,Default_SrcDoc
Default_Source_Document,SubDD_REQ_1223,Default_SrcDoc
Default_Source_Document,SubDD_REQ_1224,Default_SrcDoc
Default_Source_Document,SubDD_REQ_1225,Default_SrcDoc
Default_Source_Document,SubDD_REQ_1226,Default_SrcDoc
Default_Source_Document,SubDD_REQ_1227,Default_SrcDoc
Default_Source_Document,SubDD_REQ_1228,Default_SrcDoc
Default_Source_Document,SubDD_REQ_1229,Default_SrcDoc
Default_Source_Document,SubDD_REQ_1230,Default_SrcDoc
Default_Source_Document,SubDD_REQ_1231,Default_SrcDoc
Default_Source_Document,SubDD_REQ_1232,Default_SrcDoc
Default_Source_Document,SubDD_REQ_1233,Default_SrcDoc
Default_Source_Document,SubDD_REQ_1234,Default_SrcDoc
Default_Source_Document,SubDD_REQ_1235,Default_SrcDoc
Default_Source_Document,SubDD_REQ_1236,Default_SrcDoc
Default_Source_Document,SubDD_REQ_1237,Default_SrcDoc
Default_Source_Document,SubDD_REQ_1238,Default_SrcDoc
Default_Source_Document,SubDD_REQ_1239,Default_SrcDoc
Default_Source_Document,SubDD_REQ_1240,Default_SrcDoc
Default_Source_Document,SubDD_REQ_1241,Default_SrcDoc
Default_Source_Document,SubDD_REQ_1242,Default_SrcDoc
Default_Source_Document,SubDD_REQ_1243,Default_SrcDoc
Default_Source_Document,SubDD_REQ_1244,Default_SrcDoc
Default_Source_Document,SubDD_REQ_1245,Default_SrcDoc
Default_Source_Document,SubDD_REQ_1246,Default_SrcDoc
Default_Source_Document,SubDD_REQ_1247,Default_SrcDoc
Default_Source_Document,SubDD_REQ_1248,Default_SrcDoc
Default_Source_Document,SubDD_REQ_1249,Default_SrcDoc
Default_Source_Document,SubDD_REQ_1250,Default_SrcDoc
Default_Source_Document,SubDD_REQ_1251,Default_SrcDoc
Default_Source_Document,SubDD_REQ_1252,Default_SrcDoc
Default_Source_Document,SubDD_REQ_1253,Default_SrcDoc
Default_Source_Document,SubDD_REQ_1254,Default_SrcDoc
Default_Source_Document,SubDD_REQ_1255,Default_SrcDoc
Default_Source_Document,SubDD_REQ_1256,Default_SrcDoc
Default_Source_Document,SubDD_REQ_1257,Default_SrcDoc
Default_Source_Document,SubDD_REQ_1258,Default_SrcDoc
Default_Source_Document,SubDD_REQ_1259,Default_SrcDoc
Default_Source_Document,SubDD_REQ_1260,Default_SrcDoc
Default_Source_Document,SubDD_REQ_1261,Default_SrcDoc
Default_Source_Document,SubDD_REQ_1262,Default_SrcDoc
Default_Source_Document,SubDD_REQ_1263,Default_SrcDoc
Default_Source_Document,SubDD_REQ_1264,Default_SrcDoc
Default_Source_Document,SubDD_REQ_1265,Default_SrcDoc
Default_Source_Document,SubDD_REQ_1266,Default_SrcDoc
Default_Source_Document,SubDD_REQ_1267,Default_SrcDoc
Default_Source_Document,SubDD_REQ_1268,Default_SrcDoc
Default_Source_Document,SubDD_REQ_1269,Default_SrcDoc
Default_Source_Document,SubDD_REQ_1270,Default_SrcDoc
Default_Source_Document,SubDD_REQ_1271,Default_SrcDoc
Default_Source_Document,SubDD_REQ_1272,Default_SrcDoc
Default_Source_Document,SubDD_REQ_1273,Default_SrcDoc
Default_Source_Document,SubDD_REQ_1274,Default_SrcDoc
Default_Source_Document,SubDD_REQ_1275,Default_SrcDoc
Default_Source_Document,SubDD_REQ_1276,Default_SrcDoc
Default_Source_Document,SubDD_REQ_1277,Default_SrcDoc
Default_Source_Document,SubDD_REQ_1278,Default_SrcDoc
Default_Source_Document,SubDD_REQ_1279,Default_SrcDoc
Default_Source_Document,SubDD_REQ_1280,Default_SrcDoc
Default_Source_Document,SubDD_REQ_1281,Default_SrcDoc
Default_Source_Document,SubDD_REQ_1282,Default_SrcDoc
Default_Source_Document,SubDD_REQ_1283,Default_SrcDoc
Default_Source_Document,SubDD_REQ_1284,Default_SrcDoc
Default_Source_Document,SubDD_REQ_1285,Default_SrcDoc
Default_Source_Document,SubDD_REQ_1286,Default_SrcDoc
Default_Source_Document,SubDD_REQ_1287,Default_SrcDoc
Default_Source_Document,SubDD_REQ_1288,Default_SrcDoc
Default_Source_Document,SubDD_REQ_1289,Default_SrcDoc
Default_Source_Document,SubDD_REQ_1290,Default_SrcDoc
Default_Source_Document,SubDD_REQ_1291,Default_SrcDoc
Default_Source_Document,SubDD_REQ_1292,Default_SrcDoc
Default_Source_Document,SubDD_REQ_1293,Default_SrcDoc
Default_Source_Document,SubDD_REQ_1294,Default_SrcDoc
Default_Source_Document,SubDD_REQ_1295,Default_SrcDoc
Default_Source_Document,SubDD_REQ_1296,Default_SrcDoc
Default_Source_Document,SubDD_REQ_1297,Default_SrcDoc
Default_Source_Document,SubDD_REQ_1298,Default_SrcDoc
Default_Source_Document,SubDD_REQ_1299,Default_SrcDoc
Default_Source_Document,SubDD_REQ_1300,Default_SrcDoc
Default_Source_Document,SubDD_REQ_1301,Default_SrcDoc
Default_Source_Document,SubDD_REQ_1302,Default_SrcDoc
Default_Source_Document,SubDD_REQ_1303,Default_SrcDoc
Default_Source_Document,SubDD_REQ_1304,Default_SrcDoc
Default_Source_Document,SubDD_REQ_1305,Default_SrcDoc
Default_Source_Document,SubDD_REQ_1306,Default_SrcDoc
Default_Source_Document,SubDD_REQ_1307,Default_SrcDoc
Default_Source_Document,SubDD_REQ_1308,Default_SrcDoc
Default_Source_Document,SubDD_REQ_1309,Default_SrcDoc
Default_Source_Document,SubDD_REQ_1310,Default_SrcDoc
Default_Source_Document,SubDD_REQ_1311,Default_SrcDoc
Default_Source_Document,SubDD_REQ_1312,Default_SrcDoc
Default_Source_Document,SubDD_REQ_1313,Default_SrcDoc
Default_Source_Document,SubDD_REQ_1314,Default_SrcDoc
Default_Source_Document,SubDD_REQ_1315,Default_SrcDoc
Default_Source_Document,SubDD_REQ_1316,Default_SrcDoc
Default_Source_Document,SubDD_REQ_1317,Default_SrcDoc
Default_Source_Document,SubDD_REQ_1318,Default_SrcDoc
Default_Source_Document,SubDD_REQ_1319,Default_SrcDoc
Default_Source_Document,SubDD_REQ_1320,Default_SrcDoc
Default_Source_Document,SubDD_REQ_1321,Default_SrcDoc
Default_Source_Document,SubDD_REQ_1322,Default_SrcDoc
Default_Source_Document,SubDD_REQ_1323,Default_SrcDoc
Default_Source_Document,SubDD_REQ_1324,Default_SrcDoc
Default_Source_Document,SubDD_REQ_1325,Default_SrcDoc
Default_Source_Document,SubDD_REQ_1326,Default_SrcDoc
Default_Source_Document,SubDD_REQ_1327,Default_SrcDoc
Default_Source_Document,SubDD_REQ_1328,Default_SrcDoc
Default_Source_Document,SubDD_REQ_1329,Default_SrcDoc
Default_Source_Document,SubDD_REQ_1330,Default_SrcDoc
Default_Source_Document,SubDD_REQ_1331,Default_SrcDoc
Default_Source_Document,SubDD_REQ_1332,Default_SrcDoc
Default_Source_Document,SubDD_REQ_1333,Default_SrcDoc
Default_Source_Document,SubDD_REQ_1334,Default_SrcDoc
Default_Source_Document,SubDD_REQ_1335,Default_SrcDoc
Default_Source_Document,SubDD_REQ_1336,Default_SrcDoc
Default_Source_Document,SubDD_REQ_1337,Default_SrcDoc
Default_Source_Document,SubDD_REQ_1338,Default_SrcDoc
Default_Source_Document,SubDD_REQ_1339,Default_SrcDoc
Default_Source_Document,SubDD_REQ_1340,Default_SrcDoc
Default_Source_Document,SubDD_REQ_1341,Default_SrcDoc
Default_Source_Document,SubDD_REQ_1342,Default_SrcDoc
Default_Source_Document,SubDD_REQ_1343,Default_SrcDoc
Default_Source_Document,SubDD_REQ_1344,Default_SrcDoc
Default_Source_Document,SubDD_REQ_1345,Default_SrcDoc
Default_Source_Document,SubDD_REQ_1346,Default_SrcDoc
Default_Source_Document,SubDD_REQ_1347,Default_SrcDoc
Default_Source_Document,SubDD_REQ_1348,Default_SrcDoc
Default_Source_Document,SubDD_REQ_1349,Default_SrcDoc
Default_Source_Document,SubDD_REQ_1350,Default_SrcDoc
Default_Source_Document,SubDD_REQ_1351,Default_SrcDoc
Default_Source_Document,SubDD_REQ_1352,Default_SrcDoc
Default_Source_Document,SubDD_REQ_1353,Default_SrcDoc
Default_Source_Document,SubDD_REQ_1354,Default_SrcDoc
Default_Source_Document,SubDD_REQ_1355,Default_SrcDoc
Default_Source_Document,SubDD_REQ_1356,Default_SrcDoc
Default_Source_Document,SubDD_REQ_1357,Default_SrcDoc
Default_Source_Document,SubDD_REQ_1358,Default_SrcDoc
Default_Source_Document,SubDD_REQ_1359,Default_SrcDoc
Default_Source_Document,SubDD_REQ_1360,Default_SrcDoc
Default_Source_Document,SubDD_REQ_1361,Default_SrcDoc
Default_Source_Document,SubDD_REQ_1362,Default_SrcDoc
Default_Source_Document,SubDD_REQ_1363,Default_SrcDoc
Default_Source_Document,SubDD_REQ_1364,Default_SrcDoc
Default_Source_Document,SubDD_REQ_1365,Default_SrcDoc
Default_Source_Document,SubDD_REQ_1366,Default_SrcDoc
Default_Source_Document,SubDD_REQ_1367,Default_SrcDoc
Default_Source_Document,SubDD_REQ_1368,Default_SrcDoc
Default_Source_Document,SubDD_REQ_1369,Default_SrcDoc
Default_Source_Document,SubDD_REQ_1370,Default_SrcDoc
Default_Source_Document,SubDD_REQ_1371,Default_SrcDoc
Default_Source_Document,SubDD_REQ_1372,Default_SrcDoc
Default_Source_Document,SubDD_REQ_1373,Default_SrcDoc
Default_Source_Document,SubDD_REQ_1374,Default_SrcDoc
Default_Source_Document,SubDD_REQ_1375,Default_SrcDoc
Default_Source_Document,SubDD_REQ_1376,Default_SrcDoc
Default_Source_Document,SubDD_REQ_1377,Default_SrcDoc
Default_Source_Document,SubDD_REQ_1378,Default_SrcDoc
Default_Source_Document,SubDD_REQ_1379,Default_SrcDoc
Default_Source_Document,SubDD_REQ_1380,Default_SrcDoc
Default_Source_Document,SubDD_REQ_1381,Default_SrcDoc
Default_Source_Document,SubDD_REQ_1382,Default_SrcDoc
Default_Source_Document,SubDD_REQ_1383,Default_SrcDoc
Default_Source_Document,SubDD_REQ_1384,Default_SrcDoc
Default_Source_Document,SubDD_REQ_1385,Default_SrcDoc
Default_Source_Document,SubDD_REQ_1386,Default_SrcDoc
Default_Source_Document,SubDD_REQ_1387,Default_SrcDoc
Default_Source_Document,SubDD_REQ_1388,Default_SrcDoc
Default_Source_Document,SubDD_REQ_1389,Default_SrcDoc
Default_Source_Document,SubDD_REQ_1390,Default_SrcDoc
Default_Source_Document,SubDD_REQ_1391,Default_SrcDoc
Default_Source_Document,SubDD_REQ_1392,Default_SrcDoc
Default_Source_Document,SubDD_REQ_1393,Default_SrcDoc
Default_Source_Document,SubDD_REQ_1394,Default_SrcDoc
Default_Source_Document,SubDD_REQ_1395,Default_SrcDoc
Default_Source_Document,SubDD_REQ_1396,Default_SrcDoc
Default_Source_Document,SubDD_REQ_1397,Default_SrcDoc
Default_Source_Document,SubDD_REQ_1398,Default_SrcDoc
Default_Source_Document,SubDD_REQ_1399,Default_SrcDoc
