identifier,satisfies_identifier,description
SRS_REQ_1,,Default_Description
SRS_REQ_2,,Default_Description
SRS_REQ_3,PIDS_REQ_1,Default_Description
SRS_REQ_4,CSID_REQ_3,Default_Description
SRS_REQ_5,PIDS_REQ_9,Default_Description
SRS_REQ_6,,Default_Description
SRS_REQ_7,CSID_REQ_9,Default_Description
SRS_REQ_8,,Default_Description
SRS_REQ_9,CSID_REQ_15,Default_Description
SRS_REQ_10,CSID_REQ_5,Default_Description
SRS_REQ_11,,Default_Description
SRS_REQ_12,,Default_Description
SRS_REQ_13,,Default_Description
SRS_REQ_14,,Default_Description
SRS_REQ_15,,Default_Description
SRS_REQ_16,PIDS_REQ_10,Default_Description
SRS_REQ_17,CSID_REQ_20,Default_Description
SRS_REQ_18,CSID_REQ_22,Default_Description
SRS_REQ_19,,Default_Description
SRS_REQ_20,,Default_Description
SRS_REQ_21,CSID_REQ_3,Default_Description
SRS_REQ_22,,Default_Description
SRS_REQ_23,,Default_Description
SRS_REQ_24,PIDS_REQ_2,Default_Description
SRS_REQ_25,PIDS_REQ_12,Default_Description
SRS_REQ_26,,Default_Description
SRS_REQ_27,,Default_Description
SRS_REQ_28,,Default_Description
SRS_REQ_29,,Default_Description
SRS_REQ_30,,Default_Description
SRS_REQ_31,,Default_Description
SRS_REQ_32,,Default_Description
SRS_REQ_33,CSID_REQ_12,Default_Description
SRS_REQ_34,,Default_Description
SRS_REQ_35,,Default_Description
SRS_REQ_36,,Default_Description
SRS_REQ_37,,Default_Description
SRS_REQ_38,PIDS_REQ_14,Default_Description
SRS_REQ_39,CSID_REQ_8,Default_Description
SRS_REQ_40,,Default_Description
SRS_REQ_41,,Default_Description
SRS_REQ_42,PIDS_REQ_17,Default_Description
SRS_REQ_43,CSID_REQ_28,Default_Description
SRS_REQ_44,,Default_Description
SRS_REQ_45,CSID_REQ_19,Default_Description
SRS_REQ_46,CSID_REQ_13,Default_Description
SRS_REQ_47,,Default_Description
SRS_REQ_48,,Default_Description
SRS_REQ_49,CSID_REQ_10,Default_Description
SRS_REQ_50,CSID_REQ_26,Default_Description
SRS_REQ_51,CSID_REQ_17,Default_Description
SRS_REQ_52,CSID_REQ_12,Default_Description
SRS_REQ_53,,Default_Description
SRS_REQ_54,PIDS_REQ_8,Default_Description
SRS_REQ_55,CSID_REQ_8,Default_Description
SRS_REQ_56,,Default_Description
SRS_REQ_57,CSID_REQ_27,Default_Description
SRS_REQ_58,CSID_REQ_24,Default_Description
SRS_REQ_59,,Default_Description
SRS_REQ_60,CSID_REQ_10,Default_Description
SRS_REQ_61,,Default_Description
SRS_REQ_62,PIDS_REQ_3,Default_Description
SRS_REQ_63,PIDS_REQ_13,Default_Description
SRS_REQ_64,CSID_REQ_18,Default_Description
SRS_REQ_65,CSID_REQ_22,Default_Description
SRS_REQ_66,,Default_Description
SRS_REQ_67,,Default_Description
SRS_REQ_68,CSID_REQ_14,Default_Description
SRS_REQ_69,,Default_Description
SRS_REQ_70,,Default_Description
SRS_REQ_71,,Default_Description
SRS_REQ_72,,Default_Description
SRS_REQ_73,CSID_REQ_29,Default_Description
SRS_REQ_74,,Default_Description
SRS_REQ_75,PIDS_REQ_9,Default_Description
SRS_REQ_76,CSID_REQ_16,Default_Description
SRS_REQ_77,PIDS_REQ_13,Default_Description
SRS_REQ_78,CSID_REQ_21,Default_Description
SRS_REQ_79,,Default_Description
SRS_REQ_80,,Default_Description
SRS_REQ_81,,Default_Description
SRS_REQ_82,,Default_Description
SRS_REQ_83,,Default_Description
SRS_REQ_84,,Default_Description
SRS_REQ_85,,Default_Description
SRS_REQ_86,CSID_REQ_4,Default_Description
SRS_REQ_87,,Default_Description
SRS_REQ_88,,Default_Description
SRS_REQ_89,,Default_Description
SRS_REQ_90,,Default_Description
SRS_REQ_91,CSID_REQ_17,Default_Description
SRS_REQ_92,PIDS_REQ_14,Default_Description
SRS_REQ_93,CSID_REQ_6,Default_Description
SRS_REQ_94,CSID_REQ_9,Default_Description
SRS_REQ_95,,Default_Description
SRS_REQ_96,PIDS_REQ_6,Default_Description
SRS_REQ_97,CSID_REQ_3,Default_Description
SRS_REQ_98,,Default_Description
SRS_REQ_99,CSID_REQ_10,Default_Description
SRS_REQ_100,CSID_REQ_15,Default_Description
SRS_REQ_101,CSID_REQ_23,Default_Description
SRS_REQ_102,,Default_Description
SRS_REQ_103,PIDS_REQ_2,Default_Description
SRS_REQ_104,CSID_REQ_25,Default_Description
SRS_REQ_105,,Default_Description
SRS_REQ_106,PIDS_REQ_9,Default_Description
SRS_REQ_107,,Default_Description
SRS_REQ_108,,Default_Description
SRS_REQ_109,PIDS_REQ_4,Default_Description
SRS_REQ_110,PIDS_REQ_19,Default_Description
SRS_REQ_111,CSID_REQ_23,Default_Description
SRS_REQ_112,CSID_REQ_24,Default_Description
SRS_REQ_113,,Default_Description
SRS_REQ_114,,Default_Description
SRS_REQ_115,CSID_REQ_21,Default_Description
SRS_REQ_116,,Default_Description
SRS_REQ_117,CSID_REQ_6,Default_Description
SRS_REQ_118,,Default_Description
SRS_REQ_119,PIDS_REQ_5,Default_Description
SRS_REQ_120,PIDS_REQ_11,Default_Description
SRS_REQ_121,,Default_Description
SRS_REQ_122,CSID_REQ_26,Default_Description
SRS_REQ_123,CSID_REQ_23,Default_Description
SRS_REQ_124,,Default_Description
SRS_REQ_125,PIDS_REQ_16,Default_Description
SRS_REQ_126,,Default_Description
SRS_REQ_127,,Default_Description
SRS_REQ_128,,Default_Description
SRS_REQ_129,,Default_Description
SRS_REQ_130,CSID_REQ_20,Default_Description
SRS_REQ_131,CSID_REQ_28,Default_Description
SRS_REQ_132,,Default_Description
SRS_REQ_133,CSID_REQ_10,Default_Description
SRS_REQ_134,PIDS_REQ_4,Default_Description
SRS_REQ_135,CSID_REQ_1,Default_Description
SRS_REQ_136,PIDS_REQ_13,Default_Description
SRS_REQ_137,,Default_Description
SRS_REQ_138,,Default_Description
SRS_REQ_139,,Default_Description
SRS_REQ_140,PIDS_REQ_11,Default_Description
SRS_REQ_141,,Default_Description
SRS_REQ_142,,Default_Description
SRS_REQ_143,PIDS_REQ_2,Default_Description
SRS_REQ_144,,Default_Description
SRS_REQ_145,,Default_Description
SRS_REQ_146,,Default_Description
SRS_REQ_147,CSID_REQ_7,Default_Description
SRS_REQ_148,,Default_Description
SRS_REQ_149,,Default_Description
SRS_REQ_150,,Default_Description
SRS_REQ_151,,Default_Description
SRS_REQ_152,,Default_Description
SRS_REQ_153,,Default_Description
SRS_REQ_154,,Default_Description
SRS_REQ_155,,Default_Description
SRS_REQ_156,PIDS_REQ_8,Default_Description
SRS_REQ_157,PIDS_REQ_11,Default_Description
SRS_REQ_158,,Default_Description
SRS_REQ_159,,Default_Description
SRS_REQ_160,CSID_REQ_15,Default_Description
SRS_REQ_161,,Default_Description
SRS_REQ_162,,Default_Description
SRS_REQ_163,,Default_Description
SRS_REQ_164,CSID_REQ_13,Default_Description
SRS_REQ_165,,Default_Description
SRS_REQ_166,,Default_Description
SRS_REQ_167,PIDS_REQ_4,Default_Description
SRS_REQ_168,PIDS_REQ_8,Default_Description
SRS_REQ_169,PIDS_REQ_7,Default_Description
SRS_REQ_170,CSID_REQ_28,Default_Description
SRS_REQ_171,,Default_Description
SRS_REQ_172,,Default_Description
SRS_REQ_173,,Default_Description
SRS_REQ_174,CSID_REQ_25,Default_Description
SRS_REQ_175,PIDS_REQ_6,Default_Description
SRS_REQ_176,CSID_REQ_10,Default_Description
SRS_REQ_177,,Default_Description
SRS_REQ_178,,Default_Description
SRS_REQ_179,,Default_Description
SRS_REQ_180,CSID_REQ_17,Default_Description
SRS_REQ_181,,Default_Description
SRS_REQ_182,,Default_Description
SRS_REQ_183,PIDS_REQ_10,Default_Description
SRS_REQ_184,,Default_Description
SRS_REQ_185,,Default_Description
SRS_REQ_186,,Default_Description
SRS_REQ_187,,Default_Description
SRS_REQ_188,,Default_Description
SRS_REQ_189,,Default_Description
SRS_REQ_190,PIDS_REQ_1,Default_Description
SRS_REQ_191,,Default_Description
SRS_REQ_192,,Default_Description
SRS_REQ_193,,Default_Description
SRS_REQ_194,,Default_Description
SRS_REQ_195,PIDS_REQ_7,Default_Description
SRS_REQ_196,PIDS_REQ_14,Default_Description
SRS_REQ_197,CSID_REQ_11,Default_Description
SRS_REQ_198,PIDS_REQ_17,Default_Description
SRS_REQ_199,,Default_Description
