identifier,description
CAPEC-112,"BruteForce - In this attack, some asset (information, functionality, identity, etc.) is protectedby a finite secret value. The attacker attempts to gain access to this asset by using trial-and-error to exhaustively explore all the possible secret values in the hope of finding the secret (or a value that is functionally equivalent) that will unlock the asset. Examples of secrets can include, but are not limited to, passwords, encryption keys, database lookup keys, and initial values to one-way functions. The key factor in this attack is the attackers' ability to explore the possible secret space rapidly. This, in turn, is a function of the size of the secret space and the computational power the attacker is able to bring to bear on the problem. If the attacker has modest resources and the secret space is large, the challenge facing the attacker is intractable. Assuming a finite secret space, a brute force attack will eventually succeed. The defender must rely on making sure that the time and resources necessary to do so will exceed the value of the information.."
CAPEC-114,"Authentication Abuse - an attacker obtains unauthorized access to an application, service or device either through knowledge of the inherent weaknesses of an authentication mechanism, or by exploiting a flaw in the authentication scheme's implementation. In such an attack an authentication mechanism is functioning but a carefully controlled sequence of events causes the mechanism to grant access to the attacker. This attack may exploit assumptions made by the target's authentication procedures, such as assumptions regarding trust relationships or assumptions regarding the generation of secret values. This attack differs from Authentication Bypass attacks in that Authentication Abuse allows the attacker to be certified as a valid user through illegitimate means, while Authentication Bypass allows the user to access protected material without ever being certified as an authenticated user. This attack does not rely on prior sessions established by successfully authenticating users, as relied upon for the Exploitation of Session Variables, Resource IDs and other Trusted Credentials attack patterns.."
CAPEC-115,"Authentication Bypass - an attacker gains access to application, service, or device with the privilegesof an authorized or privileged user by evading or circumventing an authentication mechanism. The attacker is therefore able to access protected data without authentication ever having taken place. This refers to an attacker gaining access equivalent to an authenticated user without ever going through an authentication procedure. This is usually the result of the attacker using an unexpected access procedure that does not go through the proper checkpoints where authentication should occur. For example, a web site might assume that all users will click through a given link in order to get to secure material and simply authenticate everyone that clicks the link. However, an attacker might be able to reach secured web content by explicitly entering the path to the content rather than clicking through the authentication link, thereby avoiding the check entirely. This attack pattern differs from other authentication attacks in that attacks of this pattern avoid authentication entirely, rather than faking authentication by exploiting flaws or by stealing credentials from legitimate users.."
CAPEC-116,"Excavation - An adversary actively probes the target in a manner that is designed to solicit information that could be leveraged for malicious purposes. This is achieved by exploring the target via ordinary interactions for the purpose of gathering intelligence about the target, or by sending data that is syntactically invalid or non-standard in an attempt to produce a response that contains the desired data. As a result of these interactions, the adversary is able to obtain information from the target that aids the attacker in making inferences about its security, configuration, or potential vulnerabilities. Examplar exchanges with the target may trigger unhandled exceptions or verbose error messages that reveal information like stack traces, configuration information, path information, or database design. This type of attack also includes the manipulation of query strings in a URI to produce invalid SQL queries, or by trying alternative path values in the hope that the server will return useful information.."
CAPEC-117,"Interception - An adversary monitors data streams to or from the target for information gathering purposes. This attack may be undertaken to solely gather sensitive information or to support a further attack against the target. This attack pattern can involve sniffing network traffic as well as other types of data streams (e.g. radio). The adversary can attempt to initiate the establishment of a data stream or passively observe the communications as they unfold. In all variants of this attack, the adversary is not the intended recipient of the data stream. In contrast to other means of gathering information (e.g., targeting data leaks), the adversary must actively position themself so as to observe explicitdata channels (e.g. network traffic) and read the content. However, this attack differs from a Adversary-In-the-Middle (CAPEC-94) attack, as the adversary does not alter the content of the communications nor forward data to the intended recipient.."
CAPEC-123,"Buffer Manipulation - An adversary manipulates an application's interaction with a bufferin an attempt to read or modify data they shouldn't have access to. Buffer attacks are distinguished in thatit is the buffer space itself that is the target of the attack rather than any code responsible for interpreting the content of the buffer. In virtually all buffer attacks the content that is placed in the buffer is immaterial. Instead, most buffer attacks involve retrieving or providing more input than can be stored in the allocated buffer, resulting in the reading or overwriting of other unintended program memory.."
CAPEC-125,"Flooding - An adversary consumes the resources of a target by rapidly engaging in a large numberof interactions with the target. This type of attack generally exposes a weakness in rate limiting or flow. When successful this attack prevents legitimate users from accessing the service and can cause the target to crash. This attack differs from resource depletion through leaks or allocations in that the latter attacks do not rely on the volume of requests made to the target but instead focus on manipulation of the target's operations. The key factor in a flooding attack is the number of requests the adversary can make in a given period of time. The greater this number, the more likely a attack is to succeed against a given target.."
CAPEC-130,"Excessive Allocation - An adversary causes the target to allocate excessive resources to servicing the attackers' request, thereby reducing the resources available for legitimate services and degrading or denying services. Usually, this attack focuses on memory allocation, but any finite resource on the target could be the attacked, including bandwidth, processing cycles, or other resources. This attack does not attempt to force this allocation through a large number of requests (that would be Resource Depletion through Flooding) but instead uses one or a small number of requests that are carefully formatted to force the target to allocate excessive resources to service this request(s). Often this attack takes advantage of a bug in the target to cause the target to allocate resources vastly beyond what would be needed for a normal request.."
CAPEC-131,"Resource Leak Exposure - An adversary utilizes a resource leak on the target to deplete the quantity of the resource available to service legitimate requests. Resource leaks most often come in the form of memory leaks where memory is allocated but never released after it has served its purpose, however, theoretically, any other resource that can be reserved can be targeted if the target fails to release the reservation when the reserved resource block is no longer needed. In this attack, the adversary determines what activity results in leaked resources and then triggers that activity on the target. Since some leaks may be small, this may require a large number of requests by the adversary. However, this attack differs from a flooding attack in that the rate of requests is generally not significant. This is because the lost resources due to the leak accumulate until the target is reset, usually by restarting it. Thus, a resource-poor adversary who would be unable to flood the target can still utilize this attack. Resource depletion through leak differs from resource depletion through allocation in that, in the former, the adversary may not be able to control the size of each leaked allocation, but instead allows the leak to accumulate until it is large enough to affect the target's performance. When depleting resources through allocation, the allocated resource may eventually be released by the target so the attack relies on making sure that the allocation size itself is prohibitive of normal operations by the target.."
CAPEC-137,"Parameter Injection - An adversary manipulates the content of request parameters for the purpose of undermining the security of the target. Some parameter encodings use text characters as separators. For example, parameters in a HTTP GET message are encoded as name-value pairs separated by an ampersand (&). If an attacker can supply text strings that are used to fill in these parameters, then they can inject special characters used in the encoding scheme to add or modify parameters. For example, if user input is fed directly into an HTTP GET request and the user provides the value myInput&new_param=myValue, then the input parameter is set to myInput, but a new parameter (new_param) is also added with a value of myValue. This can significantly change the meaning of the query that is processed by the server. Any encoding scheme where parameters are identified and separated by text characters is potentially vulnerable to this attack - the HTTP GET encoding used above is just one example.."
CAPEC-148,"Content Spoofing - An adversary modifies content to make it contain something other than what the original content producer intended while keeping the apparent source of the content unchanged. The term content spoofing is most often used to describe modification of web pages hosted by a target to display the adversary's content instead of the owner's content. However, any content can be spoofed, including the content of email messages, file transfers, or the content of other network communication protocols. Content can be modified at the source (e.g. modifying the source file for a web page) or in transit (e.g. intercepting and modifying a message between the sender and recipient). Usually, the adversary will attempt to hide the fact that the content has been modified, but in some cases, such as with web site defacement, this is not necessary. Content Spoofing can lead to malware exposure, financial fraud (if the content governs financial transactions), privacy violations, and other unwanted outcomes.."
CAPEC-151,"Identity Spoofing - Identity Spoofing refers to the action of assuming (i.e., taking on) the identity of some other entity (human or non-human) and then using that identity to accomplish a goal. An adversary may craft messages that appear to come from a different principle or use stolen / spoofed authentication credentials. Alternatively, an adversary may intercept a message from a legitimate sender and attempt to make it look like the message comes from them without changing its content. The latter form of this attack can be used to hijack credentials from legitimate users. Identity Spoofing attacks need not be limited to transmitted messages - any resource that is associated with an identity (for example, a file with a signature) can be the target of a attack where the adversary attempts to change the apparent identity. This attack differs from Content Spoofing attacks where the adversary does not wish to change the apparent identity of the message but instead wishes to change what the message says. In an Identity Spoofing attack, the adversary is attempting to change the identity of the content.."
CAPEC-169,"Footprinting - An adversary engages in probing and exploration activities to identify constituents and properties of the target. Footprinting is a general term to describe a variety of information gathering techniques, often used by attackers in preparation for some attack. It consists of using tools to learn as much as possible about the composition, configuration, and security mechanisms of the targeted application, system or network. Information that might be collected during a footprinting effort could include open ports, applications and their versions, network topology, and similar information. Although similar to fingerprinting, footprinting aims to get a more holistic view of a system or network, whereas fingerprinting is more targeted to a specific application or operating system. While footprinting is not intended to be damaging (although certain activities, such as network scans, can sometimes cause disruptions to vulnerable applications inadvertently) it may often pave the way for more damaging attacks.."
CAPEC-175,"Code Inclusion - An adversary exploits a weakness on the target to force arbitrary code to be retrieved locally or from a remote location and executed. This differs from code injection in that code injection involves the direct inclusion of code while code inclusion involves the addition or replacement of a reference to a code file, which is subsequently loaded by the target and used as part of the code of some application.."
CAPEC-176,"Configuration Or Environment Manipulation - an attacker manipulates files or settings external to a target application which affect the behavior of that application. For example, many applications use external configuration files and libraries - modification of these entities or otherwise affecting the application's ability to use them would constitute a configuration/environment manipulation attack.."
CAPEC-184,"Software Integrity Attack - An attacker initiates a series of events designed to cause a user, program, server, or device to perform actions which undermine the integrity of software code, device data structures, or device firmware, achieving the modification of the target's integrity to achieve an insecure state.."
CAPEC-188,"Reverse Engineering - An adversary discovers the structure, function, and composition of an object, resource, or system by using a variety of analysis techniques to effectively determine how the analyzed entity was constructed or operates. The goal of reverse engineering is often to duplicate the function, or a part of the function, of an object in order to duplicate or back engineer some aspect of its functioning. Reverse engineering techniques can be applied to mechanical objects, electronic devices, or software, although the methodology and techniques involved in each type of analysis differ widely.."
CAPEC-192,"Protocol Analysis - An adversary engages in activities to decipher and/or decode protocol informationfor a network or application communication protocol used for transmitting information between interconnected nodes or systems on a packet-switched data network. While this type of analysis involves the analysis of a networking protocol inherently, it does not require the presence of an actual or physical network. Although certain techniques for protocol analysis benefit from manipulating live 'on-the-wire' interactions between communicating components, static or dynamic analysis techniques applied to executables as well as to device drivers, such as network interface drivers, can also be used to reveal the function and characteristics of a communication protocol implementation. Depending upon the methods used the process may involve observing, interacting, and modifying actual communications occurring between hosts. The goal of protocol analysis is to derive the data transmission syntax, as well as to extract the meaningful content, including packet or content delimiters used by the protocol. This type of analysis is often performed on closed-specification protocols, or proprietary protocols, but is also useful for analyzing publicly available specifications to determine how particular implementations deviate from published specifications.."
CAPEC-21,"Exploitation Of Trusted Credentials - An adversary guesses, obtains, or rides a trusted identifier (e.g. session ID, resource ID, cookie, etc.) to perform authorized actions under the guise of an authenticated user or service. attacks leveraging trusted identifiers typically result in the adversary laterally moving within the local network, since users are often allowed to authenticate to systems/applications within the network using the same identifier. This allows the adversary to obtain sensitive data, download/install malware on the system, pose as a legitimate user for social engineering purposes, and more.attacks on trusted identifiers take advantage of the fact that some software accepts user input without verifying its authenticity. Many server side processes are vulnerable to these attacks because the server to server communications have not been analyzed from a security perspective or the processes trust other systems because they are behind a firewall. Similarly, servers that use easy to guess or spoofable schemes for representing digital identity can also be vulnerable. Such systems frequently use schemes without cryptography and digital signatures (or with broken cryptography). Identifiers may be guessed or obtained due to insufficient randomness, poor protection (passed/stored in the clear), lack of integrity (unsigned), or improper correlation with access control policy enforcement points. Exposed configuration and properties files that contain sensitive data may additionally provide an adversary with the information needed to obtain these identifiers. An adversary may also ride an identifier via a malicious link, as is the case in Cross Site Request Forgery (CSRF) attacks. Regardless of the attack vector, successful spoofing and impersonation of trusted credentials can lead to an adversary breaking authentication, authorization, and audit controls with the target system or application.."
CAPEC-22,"Exploiting Trust in Client - An attack of this type exploits vulnerabilities in client/server communication channel authentication and data integrity. It leverages the implicit trust a server places in the client, or more importantly, that which the server believes is the client. an attacker executes this type of attack by communicating directly with the server  where the server believes it is communicating only with a valid client. There are numerous variations of this type of attack.."
CAPEC-224,"Finger printing - An adversary compares output from a target system to known indicators that uniquely identify specific details about the target. Most commonly, fingerprinting is done to determine operating system and application versions. Fingerprinting can be done passively as well as actively. Fingerprinting by itself is not usually detrimental to the target. However, the information gathered through fingerprinting often enables an adversary to discover existing weaknesses in the target.."
CAPEC-242,"Code Injection - An adversary exploits a weakness in input validation on the target to inject new code into that which is currently executing. This differs from code inclusion in that code inclusion involves the addition or replacement of a reference to a code file, which is subsequently loaded by the target and used as part of the code of some application."
CAPEC-248,"Command Injection - An adversary looking to execute a command of their choosing, injects new itemsinto an existing command thus modifying interpretation away from what was intended. Commands in this context are often standalone strings that are interpreted by a downstream component and cause specific responses. This type of attack is possible when untrusted values are used to build these command strings. Weaknesses in input validation or command construction can enable the attack and lead to successful exploitation.."
CAPEC-25,"Forced Deadlock - The adversary triggers and exploits a deadlock condition in the target software to cause a denial of service. A deadlock can occur when two or more competing actions are waiting for each other to finish, and thus neither ever does. Deadlock conditions can be difficult to detect.."
CAPEC-26,"Leveraging Race Conditions - The adversary targets a race condition occurring when multiple processes access and manipulate the same resource concurrently, and the outcome of the execution depends on the particular order in which the access takes place. The adversary can leverage a race condition by running the race, modifying the resource and modifying the normal execution flow. For instance, a race condition can occur while accessing a file: the adversary can trick the system by replacing the original file with their version and cause the system to read the malicious file.."
CAPEC-28,"Fuzzing - In this attack pattern, the adversary leverages fuzzing to try to identify weaknesses in the system. Fuzzing is a software security and functionality testing method that feeds randomly constructed input to the system and looks for an indication that a failure in response to that input has occurred. Fuzzing treats the system as a black box and is totally free from any preconceptions or assumptions about the system. Fuzzing can help an attacker discover certain assumptions made about user input in the system. Fuzzing gives an attacker a quick way of potentially uncovering some of these assumptions despite not necessarily knowing anything about the internals of the system. These assumptions can then be turned against the system by specially crafting user input that may allow an attacker to achieve their goals.."
CAPEC-390,"By passing Physical Security - Facilities often used layered models for physical security such as traditional locks, Electronic-based card entry systems, coupled with physical alarms. Hardware security mechanisms range from the use of computer case and cable locks as well as RFID tags for tracking computer assets. This layered approach makes it difficult for random physical security breaches to go unnoticed, but is less effective at stopping deliberate and carefully planned break-ins. Avoiding detection begins with evading building security and surveillance and methods for bypassing the electronic or physical locks which secure entry points.."
CAPEC-438,"Modification During Manufacture - An attacker modifies a technology, product, or component during a stage in its manufacture for the purpose of carrying out a attack against some entity involved in the supply chain lifecycle. There are an almost limitless number of ways an attacker can modify a technology when they are involved in its manufacture, as the attacker has potential inroads to the software composition, hardware design and assembly, firmware, or basic design mechanics. Additionally, manufacturing of key components is often outsourced with the final product assembled by the primary manufacturer. The greatest risk, however, is deliberate manipulation of design specifications to produce malicious hardware or devices. There are billions of transistors in a single integrated circuit and studies have shown that fewer than 10 transistors are required to create malicious functionality.."
CAPEC-439,"Manipulation During Distribution - An attacker undermines the integrity of a product, software, or technology at some stage of the distribution channel. The core threat of modification or manipulation during distribution arise from the many stages of distribution, as a product may traverse multiple suppliers and integrators as the final asset is delivered. Components and services provided from a manufacturer to a supplier may be tampered with during integration or packaging.."
CAPEC-440,"Hardware Integrity Attack - An adversary exploits a weakness in the system maintenance process and causes a change to be made to a technology, product, component, or sub-component or a new one installed during its deployed use at the victim location for the purpose of carrying out an attack.."
CAPEC-507,Physical Theft - An adversary gains physical access to a system or device through theft of the item. Possession of a system or device enables a number of unique attacks to be executed and often provides the adversary with an extended timeframe for which to perform a attack. Most protections put in place to secure sensitive information can be defeated when an adversary has physical access and enough time..
CAPEC-549,"Local Execution Of Code - An adversary installs and executes malicious code on the target systemin an effort to achieve a negative technical impact. Examples include rootkits, ransomware, spyware, adware, and others.."
CAPEC-586,"Object Injection - An adversary attempts to exploit an application by injecting additional, malicious content during its processing of serialized objects. Developers leverage serialization in order to convert data or state into a static, binary format for saving to disk or transferring over a network. These objects are then deserialized when needed to recover the data/state. By injecting a malformed object into a vulnerable application, an adversary can potentially compromise the application by manipulating the deserialization process. This can result in a number of unwanted outcomes, including remote code execution.."
CAPEC-594,"Traffic Injection - An adversary injects traffic into the target's network connection. The adversary is therefore able to degrade or disrupt the connection, and potentially modify the content. This is not a flooding attack, as the adversary is not focusing on exhausting resources. Instead, the adversary is crafting a specific input to affect the system in a particular way.."
CAPEC-607,"Obstruction - An attacker obstructs the interactions between system components. By interrupting or disabling these interactions, an adversary can often force the system into a degraded state or even to fail.."
CAPEC-624,"Fault Injection - The adversary uses disruptive signals or events (e.g. electromagnetic pulses, laser pulses, clock glitches, etc.) to cause faulty behavior in electronic devices. When performed in a controlled manner on devices performing cryptographic operations, this faulty behavior can be exploited to derive secret key information.."
CAPEC-74,"Manipulating User State - The adversary modifies state information maintained by the target software or causes a state transition in hardware. If successful, the target will use this tainted state and execute in an unintended manner. State management is an important function within a software application. User state maintained by the application can include usernames, payment information, browsing history as well as application-specific contents such as items in a shopping cart. Manipulating user state can be employed by an adversary to elevate privilege, conduct fraudulent transactions or otherwise modify the flow of the application to derive certain benefits. If there is a hardware logic error in a finite state machine, the adversary can use this to put the system in an undefined state which could cause a denial of service or exposure of secure data.."
