description,entityURL,generatedAtTime,identifier,invalidatedAtTime,title,definedIn_identifier,content_identifier,dataInsertedBy_identifier,wasAttributedTo_identifier,wasDerivedFrom_identifier,wasGeneratedBy_identifier,wasImpactedBy_identifier,wasRevisionOf_identifier
,,,T-0,,Tool Operational Processes,,T-0-1,,,,,,
,,,T-0,,Tool Operational Processes,,T-0-2,,,,,,
,,,T-0,,Tool Operational Processes,,T-0-3,,,,,,
,,,T-0,,Tool Operational Processes,,T-0-4,,,,,,
,,,T-0,,Tool Operational Processes,,T-0-5,,,,,,
,,,T-0,,Tool Operational Processes,,T-0-6,,,,,,
,,,T-0,,Tool Operational Processes,,T-0-7,,,,,,
,,,T-1,,Tool Planning Process,,T-1-1,,,,,,
,,,T-1,,Tool Planning Process,,T-1-2,,,,,,
,,,T-1,,Tool Planning Process,,T-1-3,,,,,,
,,,T-1,,Tool Planning Process,,T-1-4,,,,,,
,,,T-1,,Tool Planning Process,,T-1-5,,,,,,
,,,T-1,,Tool Planning Process,,T-1-6,,,,,,
,,,T-1,,Tool Planning Process,,T-1-7,,,,,,
,,,T-2,,Tool Development Processes,,T-2-1,,,,,,
,,,T-2,,Tool Development Processes,,T-2-2,,,,,,
,,,T-2,,Tool Development Processes,,T-2-3,,,,,,
,,,T-2,,Tool Development Processes,,T-2-4,,,,,,
,,,T-2,,Tool Development Processes,,T-2-5,,,,,,
,,,T-2,,Tool Development Processes,,T-2-6,,,,,,
,,,T-2,,Tool Development Processes,,T-2-7,,,,,,
,,,T-2,,Tool Development Processes,,T-2-8,,,,,,
,,,T-3,,Verification of Outputs of Tool Requirements Processes,,T-3-1,,,,,,
,,,T-3,,Verification of Outputs of Tool Requirements Processes,,T-3-2,,,,,,
,,,T-3,,Verification of Outputs of Tool Requirements Processes,,T-3-3,,,,,,
,,,T-3,,Verification of Outputs of Tool Requirements Processes,,T-3-4,,,,,,
,,,T-3,,Verification of Outputs of Tool Requirements Processes,,T-3-5,,,,,,
,,,T-3,,Verification of Outputs of Tool Requirements Processes,,T-3-6,,,,,,
,,,T-3,,Verification of Outputs of Tool Requirements Processes,,T-3-7,,,,,,
,,,T-3,,Verification of Outputs of Tool Requirements Processes,,T-3-8,,,,,,
,,,T-3,,Verification of Outputs of Tool Requirements Processes,,T-3-9,,,,,,
,,,T-4,,Verification of Outputs of Tool Design Process,,T-4-1,,,,,,
,,,T-4,,Verification of Outputs of Tool Design Process,,T-4-2,,,,,,
,,,T-4,,Verification of Outputs of Tool Design Process,,T-4-3,,,,,,
,,,T-4,,Verification of Outputs of Tool Design Process,,T-4-4,,,,,,
,,,T-4,,Verification of Outputs of Tool Design Process,,T-4-5,,,,,,
,,,T-4,,Verification of Outputs of Tool Design Process,,T-4-6,,,,,,
,,,T-4,,Verification of Outputs of Tool Design Process,,T-4-7,,,,,,
,,,T-4,,Verification of Outputs of Tool Design Process,,T-4-8,,,,,,
,,,T-4,,Verification of Outputs of Tool Design Process,,T-4-9,,,,,,
,,,T-4,,Verification of Outputs of Tool Design Process,,T-4-10,,,,,,
,,,T-4,,Verification of Outputs of Tool Design Process,,T-4-11,,,,,,
,,,T-5,,Verification of Outputs of Tool Coding & Integration Process,,T-5-1,,,,,,
,,,T-5,,Verification of Outputs of Tool Coding & Integration Process,,T-5-2,,,,,,
,,,T-5,,Verification of Outputs of Tool Coding & Integration Process,,T-5-3,,,,,,
,,,T-5,,Verification of Outputs of Tool Coding & Integration Process,,T-5-4,,,,,,
,,,T-5,,Verification of Outputs of Tool Coding & Integration Process,,T-5-5,,,,,,
,,,T-5,,Verification of Outputs of Tool Coding & Integration Process,,T-5-6,,,,,,
,,,T-5,,Verification of Outputs of Tool Coding & Integration Process,,T-5-7,,,,,,
,,,T-6,,Testing of Outputs of Integration Process,,T-6-1,,,,,,
,,,T-6,,Testing of Outputs of Integration Process,,T-6-2,,,,,,
,,,T-6,,Testing of Outputs of Integration Process,,T-6-3,,,,,,
,,,T-6,,Testing of Outputs of Integration Process,,T-6-4,,,,,,
,,,T-7,,Verification of Outputs of Tool Testing,,T-7-1,,,,,,
,,,T-7,,Verification of Outputs of Tool Testing,,T-7-2,,,,,,
,,,T-7,,Verification of Outputs of Tool Testing,,T-7-3,,,,,,
,,,T-7,,Verification of Outputs of Tool Testing,,T-7-4,,,,,,
,,,T-7,,Verification of Outputs of Tool Testing,,T-7-5,,,,,,
,,,T-7,,Verification of Outputs of Tool Testing,,T-7-6,,,,,,
,,,T-7,,Verification of Outputs of Tool Testing,,T-7-7,,,,,,
,,,T-7,,Verification of Outputs of Tool Testing,,T-7-8,,,,,,
,,,T-7,,Verification of Outputs of Tool Testing,,T-7-9,,,,,,
,,,T-8,,Tool configuration Management Process,,T-8-1,,,,,,
,,,T-8,,Tool configuration Management Process,,T-8-2,,,,,,
,,,T-8,,Tool configuration Management Process,,T-8-3,,,,,,
,,,T-8,,Tool configuration Management Process,,T-8-4,,,,,,
,,,T-8,,Tool configuration Management Process,,T-8-5,,,,,,
,,,T-9,,Tool Quality Assurance Process,,T-9-1,,,,,,
,,,T-9,,Tool Quality Assurance Process,,T-9-2,,,,,,
,,,T-9,,Tool Quality Assurance Process,,T-9-3,,,,,,
,,,T-9,,Tool Quality Assurance Process,,T-9-4,,,,,,
,,,T-9,,Tool Quality Assurance Process,,T-9-5,,,,,,
,,,T-10,,Tool Qualification Liaison Process,,T-10-1,,,,,,
,,,T-10,,Tool Qualification Liaison Process,,T-10-2,,,,,,
,,,T-10,,Tool Qualification Liaison Process,,T-10-3,,,,,,
,,,T-10,,Tool Qualification Liaison Process,,T-10-4,,,,,,
,,,DO-330-AnnexA,,TOOL QUALIFICATION OBJECTIVES,,T-0,,,,,,
,,,DO-330-AnnexA,,TOOL QUALIFICATION OBJECTIVES,,T-1,,,,,,
,,,DO-330-AnnexA,,TOOL QUALIFICATION OBJECTIVES,,T-2,,,,,,
,,,DO-330-AnnexA,,TOOL QUALIFICATION OBJECTIVES,,T-3,,,,,,
,,,DO-330-AnnexA,,TOOL QUALIFICATION OBJECTIVES,,T-4,,,,,,
,,,DO-330-AnnexA,,TOOL QUALIFICATION OBJECTIVES,,T-5,,,,,,
,,,DO-330-AnnexA,,TOOL QUALIFICATION OBJECTIVES,,T-6,,,,,,
,,,DO-330-AnnexA,,TOOL QUALIFICATION OBJECTIVES,,T-7,,,,,,
,,,DO-330-AnnexA,,TOOL QUALIFICATION OBJECTIVES,,T-8,,,,,,
,,,DO-330-AnnexA,,TOOL QUALIFICATION OBJECTIVES,,T-9,,,,,,
,,,DO-330-AnnexA,,TOOL QUALIFICATION OBJECTIVES,,T-10,,,,,,